Date,Ticker,Adj Close,Close,High,Low,Open,Volume
2021-10-29,A,157.49000549316406,157.49000549316406,157.57000732421875,154.44000244140625,155.1300048828125,1999800.0
2021-10-29,AAL,19.200000762939453,19.200000762939453,19.450000762939453,19.010000228881836,19.18000030517578,21606900.0
2021-10-29,AAP,225.52000427246094,225.52000427246094,228.33999633789062,223.75999450683594,224.9199981689453,586700.0
2021-10-29,AAPL,149.8000030517578,149.8000030517578,149.94000244140625,146.41000366210938,147.22000122070312,124850400.0
2021-10-29,ABBV,114.66999816894531,114.66999816894531,114.91999816894531,111.41999816894531,112.08999633789062,16540200.0
2021-10-29,ABC,122.0199966430664,122.0199966430664,122.18000030517578,119.62000274658203,120.05000305175781,633400.0
2021-10-29,ABMD,332.0400085449219,332.0400085449219,339.489990234375,322.3800048828125,339.489990234375,327500.0
2021-10-29,ABT,128.88999938964844,128.88999938964844,129.00999450683594,126.83000183105469,127.26000213623047,4692200.0
2021-10-29,ACN,358.7900085449219,358.7900085449219,359.6199951171875,354.1000061035156,354.5799865722656,1936400.0
2021-10-29,ADBE,650.3599853515625,650.3599853515625,651.3099975585938,637.0,637.77001953125,1927700.0
2021-10-29,ADI,173.49000549316406,173.49000549316406,173.86000061035156,170.58999633789062,171.39999389648438,3137400.0
2021-10-29,ADM,64.23999786376953,64.23999786376953,65.13999938964844,64.19000244140625,64.70999908447266,3301700.0
2021-10-29,ADP,224.49000549316406,224.49000549316406,225.0,222.08999633789062,222.08999633789062,1609700.0
2021-10-29,ADSK,317.6099853515625,317.6099853515625,318.739990234375,313.7099914550781,315.5299987792969,1061200.0
2021-10-29,AEE,84.29000091552734,84.29000091552734,85.29000091552734,83.80000305175781,84.70999908447266,814200.0
2021-10-29,AEP,84.70999908447266,84.70999908447266,85.25,84.12999725341797,84.70999908447266,2897600.0
2021-10-29,AES,24.97949981689453,25.1299991607666,25.559999465942383,24.93000030517578,25.43000030517578,5021400.0
2021-10-29,AFL,53.66999816894531,53.66999816894531,55.2400016784668,53.47999954223633,55.2400016784668,5018100.0
2021-10-29,AIG,59.09000015258789,59.09000015258789,60.91999816894531,59.060001373291016,60.0,4668700.0
2021-10-29,AIZ,161.30999755859375,161.30999755859375,164.17999267578125,161.2100067138672,163.8699951171875,334600.0
2021-10-29,AJG,167.6699981689453,167.6699981689453,168.32000732421875,163.0500030517578,164.3699951171875,1142500.0
2021-10-29,AKAM,105.45999908447266,105.45999908447266,105.93000030517578,104.1500015258789,104.43000030517578,963800.0
2021-10-29,ALB,250.47000122070312,250.47000122070312,251.8000030517578,236.08999633789062,239.75,4260400.0
2021-10-29,ALGN,624.3699951171875,624.3699951171875,629.1799926757812,619.7000122070312,629.1799926757812,987100.0
2021-10-29,ALK,52.79999923706055,52.79999923706055,53.5,52.20000076293945,52.90999984741211,1681700.0
2021-10-29,ALL,123.66999816894531,123.66999816894531,126.18000030517578,122.94000244140625,126.12999725341797,2162900.0
2021-10-29,ALLE,128.3000030517578,128.3000030517578,129.14999389648438,127.29000091552734,127.45999908447266,1244500.0
2021-10-29,AMAT,136.64999389648438,136.64999389648438,137.25999450683594,134.5500030517578,134.7899932861328,5713400.0
2021-10-29,AMCR,12.069999694824219,12.069999694824219,12.1899995803833,12.020000457763672,12.149999618530273,10782600.0
2021-10-29,AMD,120.2300033569336,120.2300033569336,122.56999969482422,119.87999725341797,120.94999694824219,43289800.0
2021-10-29,AME,132.39999389648438,132.39999389648438,133.52000427246094,131.22000122070312,131.6699981689453,1139800.0
2021-10-29,AMGN,206.97000122070312,206.97000122070312,207.6999969482422,204.1999969482422,206.35000610351562,2589200.0
2021-10-29,AMP,302.1300048828125,302.1300048828125,306.260009765625,300.6600036621094,302.6400146484375,533300.0
2021-10-29,AMT,281.9700012207031,281.9700012207031,284.92999267578125,279.6400146484375,284.2300109863281,2531200.0
2021-10-29,AMZN,3372.429931640625,3372.429931640625,3374.820068359375,3273.320068359375,3300.02001953125,6469500.0
2021-10-29,ANET,409.69000244140625,409.69000244140625,411.1499938964844,401.55999755859375,404.44000244140625,490600.0
2021-10-29,ANSS,379.5799865722656,379.5799865722656,382.0899963378906,372.989990234375,377.010009765625,321500.0
2021-10-29,ANTM,435.1300048828125,435.1300048828125,435.75,430.55999755859375,432.4800109863281,844700.0
2021-10-29,AON,319.9200134277344,319.9200134277344,326.25,309.0,317.2900085449219,1616700.0
2021-10-29,AOS,73.06999969482422,73.06999969482422,73.13999938964844,70.31999969482422,70.7699966430664,2458300.0
2021-10-29,APA,26.209999084472656,26.209999084472656,27.06999969482422,25.90999984741211,27.059999465942383,7371400.0
2021-10-29,APD,299.80999755859375,299.80999755859375,301.29998779296875,298.04998779296875,300.0199890136719,924700.0
2021-10-29,APH,76.7699966430664,76.7699966430664,77.25,76.19999694824219,76.30000305175781,1853800.0
2021-10-29,APTV,172.88999938964844,172.88999938964844,173.2100067138672,171.3000030517578,171.55999755859375,972900.0
2021-10-29,ARE,204.13999938964844,204.13999938964844,206.0399932861328,203.05999755859375,205.0,716800.0
2021-10-29,ATO,92.12000274658203,92.12000274658203,93.51000213623047,91.69999694824219,92.79000091552734,1357900.0
2021-10-29,ATVI,78.19000244140625,78.19000244140625,79.37000274658203,77.7300033569336,78.93000030517578,8369700.0
2021-10-29,AVB,236.67999267578125,236.67999267578125,239.86000061035156,236.02999877929688,238.41000366210938,923800.0
2021-10-29,AVGO,531.6699829101562,531.6699829101562,532.1500244140625,523.5,523.5,1556400.0
2021-10-29,AVY,217.72000122070312,217.72000122070312,219.14999389648438,215.3000030517578,215.3000030517578,686100.0
2021-10-29,AWK,174.17999267578125,174.17999267578125,176.32000732421875,173.35000610351562,175.0,779900.0
2021-10-29,AXP,173.77999877929688,173.77999877929688,176.6699981689453,173.0399932861328,175.6300048828125,3454400.0
2021-10-29,AZO,1784.8399658203125,1784.8399658203125,1796.9200439453125,1772.0400390625,1779.72998046875,232300.0
2021-10-29,BA,207.02999877929688,207.02999877929688,208.24000549316406,205.2899932861328,206.83999633789062,8548300.0
2021-10-29,BAC,47.779998779296875,47.779998779296875,48.130001068115234,47.52000045776367,47.75,31754700.0
2021-10-29,BAX,78.95999908447266,78.95999908447266,79.41000366210938,77.55999755859375,78.11000061035156,7995500.0
2021-10-29,BBWI,69.08999633789062,69.08999633789062,69.63999938964844,68.29000091552734,68.75,1840200.0
2021-10-29,BBY,122.23999786376953,122.23999786376953,123.45999908447266,120.51000213623047,120.6500015258789,2283700.0
2021-10-29,BDX,239.58999633789062,239.58999633789062,240.3300018310547,237.0500030517578,238.1699981689453,1836200.0
2021-10-29,BEN,31.489999771118164,31.489999771118164,31.969999313354492,31.139999389648438,31.229999542236328,5941400.0
2021-10-29,BF-B,67.88999938964844,67.88999938964844,68.8499984741211,67.31999969482422,68.4000015258789,1356600.0
2021-10-29,BIIB,266.67999267578125,266.67999267578125,268.32000732421875,262.0199890136719,264.4100036621094,947600.0
2021-10-29,BIO,794.6799926757812,794.6799926757812,798.969970703125,762.2999877929688,780.6099853515625,158700.0
2021-10-29,BK,59.20000076293945,59.20000076293945,59.75,59.029998779296875,59.16999816894531,4660700.0
2021-10-29,BKNG,2420.780029296875,2420.780029296875,2430.110107421875,2392.18994140625,2418.889892578125,216500.0
2021-10-29,BKR,24.899999618530273,25.079999923706055,25.3700008392334,24.969999313354492,25.360000610351562,8744700.0
2021-10-29,BLK,943.4600219726562,943.4600219726562,947.8599853515625,930.5599975585938,930.97998046875,484700.0
2021-10-29,BLL,91.4800033569336,91.4800033569336,92.36000061035156,91.05999755859375,91.4800033569336,1312400.0
2021-10-29,BMY,58.400001525878906,58.400001525878906,58.56999969482422,57.13999938964844,57.25,17065400.0
2021-10-29,BR,178.41000366210938,178.41000366210938,180.41000366210938,176.66000366210938,179.27999877929688,789800.0
2021-10-29,BRK-B,287.010009765625,287.010009765625,290.0,286.739990234375,288.80999755859375,4420300.0
2021-10-29,BRO,63.11000061035156,63.11000061035156,63.52000045776367,62.66999816894531,62.97999954223633,1798000.0
2021-10-29,BSX,43.130001068115234,43.130001068115234,43.279998779296875,42.58000183105469,43.08000183105469,7157700.0
2021-10-29,BWA,45.06999969482422,45.06999969482422,45.849998474121094,44.86000061035156,45.25,1808900.0
2021-10-29,BXP,113.63999938964844,113.63999938964844,114.62000274658203,113.44000244140625,113.86000061035156,1179200.0
2021-10-29,C,69.16000366210938,69.16000366210938,70.61000061035156,68.97000122070312,70.4800033569336,22399700.0
2021-10-29,CAG,32.20000076293945,32.20000076293945,32.70000076293945,32.189998626708984,32.540000915527344,3337300.0
2021-10-29,CAH,47.810001373291016,47.810001373291016,48.09000015258789,47.47999954223633,47.5,8387400.0
2021-10-29,CARR,52.22999954223633,52.22999954223633,54.08000183105469,52.040000915527344,53.560001373291016,3955800.0
2021-10-29,CAT,204.00999450683594,204.00999450683594,209.75,203.24000549316406,207.99000549316406,4290600.0
2021-10-29,CB,195.3800048828125,195.3800048828125,197.24000549316406,195.00999450683594,196.0,2636800.0
2021-10-29,CBOE,131.94000244140625,131.94000244140625,134.25,129.6199951171875,130.50999450683594,749800.0
2021-10-29,CBRE,104.08000183105469,104.08000183105469,105.06999969482422,103.23999786376953,104.7300033569336,2065300.0
2021-10-29,CCI,180.3000030517578,180.3000030517578,182.9499969482422,179.17999267578125,180.5399932861328,2619700.0
2021-10-29,CCL,22.15999984741211,22.15999984741211,22.469999313354492,21.770000457763672,21.8799991607666,26672500.0
2021-10-29,CDAY,125.25,125.25,126.30999755859375,124.48999786376953,124.76000213623047,806900.0
2021-10-29,CDNS,173.11000061035156,173.11000061035156,174.00999450683594,168.25,168.27999877929688,1392000.0
2021-10-29,CDW,186.64999389648438,186.64999389648438,187.27000427246094,184.25,184.25,502900.0
2021-10-29,CE,161.50999450683594,161.50999450683594,165.3300018310547,160.5500030517578,164.57000732421875,843500.0
2021-10-29,CERN,74.29000091552734,74.29000091552734,75.5,71.94000244140625,73.05999755859375,4664800.0
2021-10-29,CF,56.79999923706055,56.79999923706055,57.459999084472656,56.29999923706055,57.220001220703125,3624700.0
2021-10-29,CFG,47.380001068115234,47.380001068115234,48.060001373291016,47.084999084472656,47.97999954223633,4948600.0
2021-10-29,CHD,87.36000061035156,87.36000061035156,88.38999938964844,86.19999694824219,86.38999938964844,2773600.0
2021-10-29,CHRW,96.98999786376953,96.98999786376953,98.4800033569336,96.33999633789062,97.2300033569336,1257300.0
2021-10-29,CHTR,674.8900146484375,674.8900146484375,687.3800048828125,660.0,667.489990234375,2447600.0
2021-10-29,CI,213.61000061035156,213.61000061035156,216.07000732421875,213.3000030517578,214.97000122070312,1499200.0
2021-10-29,CINF,121.44000244140625,121.44000244140625,126.62000274658203,121.0199966430664,125.68000030517578,927500.0
2021-10-29,CL,76.19000244140625,76.19000244140625,77.44999694824219,75.66999816894531,77.02999877929688,6683300.0
2021-10-29,CLX,163.00999450683594,163.00999450683594,164.10000610351562,161.41000366210938,161.89999389648438,2131100.0
2021-10-29,CMA,85.08999633789062,85.08999633789062,86.12999725341797,84.94999694824219,85.91000366210938,721400.0
2021-10-29,CMCSA,51.43000030517578,51.43000030517578,52.560001373291016,51.119998931884766,51.540000915527344,26924000.0
2021-10-29,CME,220.5500030517578,220.5500030517578,221.42999267578125,217.27000427246094,217.83999633789062,1318300.0
2021-10-29,CMG,1779.030029296875,1779.030029296875,1785.8399658203125,1756.1600341796875,1759.739990234375,174500.0
2021-10-29,CMI,239.83999633789062,239.83999633789062,243.25999450683594,238.5500030517578,243.0,1070300.0
2021-10-29,CMS,60.349998474121094,60.349998474121094,61.08000183105469,60.119998931884766,60.560001373291016,1130700.0
2021-10-29,CNC,71.23999786376953,71.23999786376953,71.88999938964844,70.94999694824219,71.37999725341797,3045700.0
2021-10-29,CNP,26.040000915527344,26.040000915527344,26.399999618530273,25.829999923706055,26.260000228881836,3794700.0
2021-10-29,COF,151.02999877929688,151.02999877929688,154.07000732421875,150.22000122070312,152.83999633789062,3863700.0
2021-10-29,COO,416.9200134277344,416.9200134277344,419.8699951171875,413.2200012207031,416.42999267578125,217800.0
2021-10-29,COP,74.48999786376953,74.48999786376953,75.30000305175781,73.97000122070312,74.43000030517578,8078200.0
2021-10-29,COST,491.5400085449219,491.5400085449219,494.1700134277344,486.6600036621094,486.7799987792969,2471100.0
2021-10-29,CPB,39.95000076293945,39.95000076293945,40.470001220703125,39.95000076293945,40.15999984741211,1905900.0
2021-10-29,CPRT,155.2899932861328,155.2899932861328,155.47999572753906,151.9199981689453,152.24000549316406,892600.0
2021-10-29,CRL,448.67999267578125,448.67999267578125,449.3399963378906,435.9800109863281,437.7300109863281,289000.0
2021-10-29,CRM,299.69000244140625,299.69000244140625,300.7799987792969,296.2699890136719,298.0,4244400.0
2021-10-29,CSCO,55.970001220703125,55.970001220703125,56.58000183105469,55.86000061035156,56.31999969482422,13550400.0
2021-10-29,CSX,36.16999816894531,36.16999816894531,36.45000076293945,35.91999816894531,36.02000045776367,9950900.0
2021-10-29,CTAS,433.1000061035156,433.1000061035156,436.3399963378906,424.45001220703125,425.1300048828125,370500.0
2021-10-29,CTLT,137.86000061035156,137.86000061035156,138.1999969482422,134.3800048828125,135.5500030517578,784000.0
2021-10-29,CTRA,21.31999969482422,21.31999969482422,21.860000610351562,21.209999084472656,21.790000915527344,8626300.0
2021-10-29,CTSH,78.08999633789062,78.08999633789062,78.5999984741211,76.9000015258789,76.91999816894531,2614900.0
2021-10-29,CTVA,43.150001525878906,43.150001525878906,43.4900016784668,42.689998626708984,42.90999984741211,3683900.0
2021-10-29,CTXS,94.7300033569336,94.7300033569336,96.56999969482422,94.56999969482422,94.8499984741211,887800.0
2021-10-29,CVS,89.27999877929688,89.27999877929688,89.52999877929688,88.05999755859375,88.2699966430664,5334800.0
2021-10-29,CVX,114.48999786376953,114.48999786376953,115.29000091552734,113.1500015258789,114.83000183105469,15291800.0
2021-10-29,CZR,109.45999908447266,109.45999908447266,112.19000244140625,108.11000061035156,110.38999938964844,1793100.0
2021-10-29,D,75.93000030517578,75.93000030517578,76.73999786376953,75.66999816894531,76.2300033569336,3050400.0
2021-10-29,DAL,39.130001068115234,39.130001068115234,39.5,38.810001373291016,39.060001373291016,9340400.0
2021-10-29,DD,69.5999984741211,69.5999984741211,69.91000366210938,68.94000244140625,69.69000244140625,3398900.0
2021-10-29,DE,342.30999755859375,342.30999755859375,349.3599853515625,340.54998779296875,348.5,1561700.0
2021-10-29,DFS,113.31999969482422,113.31999969482422,115.87000274658203,113.0,115.23999786376953,2622500.0
2021-10-29,DG,221.52000427246094,221.52000427246094,222.72999572753906,219.64999389648438,220.1699981689453,811400.0
2021-10-29,DGX,146.77999877929688,146.77999877929688,147.08999633789062,145.42999267578125,145.8000030517578,920900.0
2021-10-29,DHI,89.2699966430664,89.2699966430664,90.58000183105469,89.01000213623047,89.16999816894531,1727300.0
2021-10-29,DHR,311.7699890136719,311.7699890136719,312.0,302.67999267578125,303.4200134277344,2761700.0
2021-10-29,DIS,169.07000732421875,169.07000732421875,170.4600067138672,168.14999389648438,169.02000427246094,7593400.0
2021-10-29,DISCA,23.440000534057617,23.440000534057617,24.25,23.399999618530273,24.149999618530273,5840500.0
2021-10-29,DISCK,22.559999465942383,22.559999465942383,23.389999389648438,22.510000228881836,23.389999389648438,4847600.0
2021-10-29,DISH,41.06999969482422,41.06999969482422,41.5099983215332,40.54999923706055,40.939998626708984,1536700.0
2021-10-29,DLR,157.80999755859375,157.80999755859375,160.5,157.00999450683594,159.0399932861328,1512900.0
2021-10-29,DLTR,107.76000213623047,107.76000213623047,108.41000366210938,106.81999969482422,107.12999725341797,4404900.0
2021-10-29,DOV,169.0800018310547,169.0800018310547,170.32000732421875,167.99000549316406,168.63999938964844,650700.0
2021-10-29,DOW,55.970001220703125,55.970001220703125,56.650001525878906,55.65999984741211,56.130001068115234,5887300.0
2021-10-29,DPZ,488.9700012207031,488.9700012207031,490.1400146484375,474.0299987792969,478.3800048828125,351800.0
2021-10-29,DRE,56.2400016784668,56.2400016784668,56.9900016784668,56.08000183105469,56.540000915527344,2302800.0
2021-10-29,DRI,144.13999938964844,144.13999938964844,146.72000122070312,143.2899932861328,144.11000061035156,1177100.0
2021-10-29,DTE,113.3499984741211,113.3499984741211,114.80999755859375,112.63999938964844,114.0999984741211,762100.0
2021-10-29,DUK,102.01000213623047,102.01000213623047,102.95999908447266,101.5999984741211,102.23999786376953,2301300.0
2021-10-29,DVA,103.23999786376953,103.23999786376953,106.62999725341797,102.08000183105469,106.62999725341797,2082300.0
2021-10-29,DVN,40.08000183105469,40.08000183105469,40.38999938964844,39.349998474121094,40.290000915527344,7947100.0
2021-10-29,DXC,32.56999969482422,32.56999969482422,33.0,32.29999923706055,32.54999923706055,1549300.0
2021-10-29,DXCM,623.2100219726562,623.2100219726562,627.9600219726562,552.3900146484375,580.0,1303700.0
2021-10-29,EA,140.25,140.25,140.83999633789062,138.91000366210938,140.4199981689453,1990500.0
2021-10-29,EBAY,76.72000122070312,76.72000122070312,76.9800033569336,72.06999969482422,72.06999969482422,16693800.0
2021-10-29,ECL,222.22000122070312,222.22000122070312,223.1999969482422,219.1199951171875,219.82000732421875,920400.0
2021-10-29,ED,75.4000015258789,75.4000015258789,76.58999633789062,75.16999816894531,76.29000091552734,2475800.0
2021-10-29,EFX,277.42999267578125,277.42999267578125,279.2900085449219,274.6099853515625,275.239990234375,589700.0
2021-10-29,EIX,62.93000030517578,62.93000030517578,63.04999923706055,62.47999954223633,62.599998474121094,3686200.0
2021-10-29,EL,324.3299865722656,324.3299865722656,327.0199890136719,322.6499938964844,323.739990234375,1135600.0
2021-10-29,EMN,104.02999877929688,104.02999877929688,110.19999694824219,103.4000015258789,110.18000030517578,1655400.0
2021-10-29,EMR,97.01000213623047,97.01000213623047,98.02999877929688,96.5,97.19999694824219,2635800.0
2021-10-29,ENPH,231.6300048828125,231.6300048828125,237.0,225.0,225.0,4169500.0
2021-10-29,EOG,92.45999908447266,92.45999908447266,94.5999984741211,91.83999633789062,93.5199966430664,2293900.0
2021-10-29,EQIX,837.0700073242188,837.0700073242188,849.1099853515625,833.4299926757812,842.010009765625,512400.0
2021-10-29,EQR,86.4000015258789,86.4000015258789,88.04000091552734,86.01000213623047,87.79000091552734,1978200.0
2021-10-29,ES,84.9000015258789,84.9000015258789,86.0999984741211,84.55999755859375,85.3499984741211,1552600.0
2021-10-29,ESS,339.92999267578125,339.92999267578125,346.010009765625,337.54998779296875,344.92999267578125,475100.0
2021-10-29,ETN,164.75999450683594,164.75999450683594,165.9600067138672,163.82000732421875,164.33999633789062,1678100.0
2021-10-29,ETR,103.0199966430664,103.0199966430664,103.87999725341797,102.22000122070312,102.63999938964844,1557200.0
2021-10-29,ETSY,250.69000244140625,250.69000244140625,252.76400756835938,238.13999938964844,239.47000122070312,1816800.0
2021-10-29,EVRG,63.75,63.75,64.54000091552734,63.29999923706055,64.12999725341797,1369900.0
2021-10-29,EW,119.81999969482422,119.81999969482422,120.11000061035156,114.37999725341797,115.7699966430664,3340400.0
2021-10-29,EXC,53.189998626708984,53.189998626708984,53.540000915527344,52.59000015258789,52.66999816894531,6644000.0
2021-10-29,EXPD,123.26000213623047,123.26000213623047,124.19999694824219,121.08000183105469,121.37000274658203,1273700.0
2021-10-29,EXPE,164.41000366210938,164.41000366210938,164.77999877929688,159.8000030517578,163.92999267578125,1824300.0
2021-10-29,EXR,197.3699951171875,197.3699951171875,198.36000061035156,192.02999877929688,193.13999938964844,1310800.0
2021-10-29,F,17.079999923706055,17.079999923706055,17.360000610351562,16.549999237060547,16.860000610351562,100246700.0
2021-10-29,FANG,107.19000244140625,107.19000244140625,109.30999755859375,105.47000122070312,109.0,2152000.0
2021-10-29,FAST,57.08000183105469,57.08000183105469,57.2400016784668,56.099998474121094,56.220001220703125,3232700.0
2021-10-29,FB,323.57000732421875,323.57000732421875,326.0,319.6000061035156,320.19000244140625,37027000.0
2021-10-29,FBHS,101.4000015258789,101.4000015258789,102.76000213623047,100.83000183105469,101.48999786376953,882300.0
2021-10-29,FCX,37.720001220703125,37.720001220703125,38.06999969482422,37.189998626708984,37.56999969482422,16015600.0
2021-10-29,FDX,235.52999877929688,235.52999877929688,238.3699951171875,233.5500030517578,233.9199981689453,1999400.0
2021-10-29,FE,38.529998779296875,38.529998779296875,39.720001220703125,37.619998931884766,37.619998931884766,5721000.0
2021-10-29,FFIV,211.14999389648438,211.14999389648438,215.57000732421875,209.44000244140625,212.41000366210938,444500.0
2021-10-29,FIS,110.73999786376953,110.73999786376953,113.08999633789062,110.29000091552734,111.87000274658203,5448300.0
2021-10-29,FISV,98.48999786376953,98.48999786376953,100.31999969482422,98.18000030517578,98.3499984741211,5108100.0
2021-10-29,FITB,43.529998779296875,43.529998779296875,44.349998474121094,43.459999084472656,44.04999923706055,3726300.0
2021-10-29,FLT,247.41000366210938,247.41000366210938,253.86000061035156,246.25,251.30999755859375,831600.0
2021-10-29,FMC,91.01000213623047,91.01000213623047,92.87000274658203,90.44000244140625,92.69000244140625,714300.0
2021-10-29,FOX,36.959999084472656,36.959999084472656,37.959999084472656,36.51499938964844,37.959999084472656,2311700.0
2021-10-29,FOXA,39.7400016784668,39.7400016784668,40.75,39.400001525878906,40.70000076293945,2847500.0
2021-10-29,FRC,216.3300018310547,216.3300018310547,218.75,215.94000244140625,216.4600067138672,697800.0
2021-10-29,FRT,120.3499984741211,120.3499984741211,121.25,119.66000366210938,120.37999725341797,886500.0
2021-10-29,FTNT,336.3399963378906,336.3399963378906,337.94000244140625,325.04998779296875,325.260009765625,855300.0
2021-10-29,FTV,75.70999908447266,75.70999908447266,76.0999984741211,72.20500183105469,72.20500183105469,3579100.0
2021-10-29,GD,202.75,202.75,204.0500030517578,201.35000610351562,202.60000610351562,1485500.0
2021-10-29,GE,104.87000274658203,104.87000274658203,105.23999786376953,104.12000274658203,104.94999694824219,5617100.0
2021-10-29,GILD,64.87999725341797,64.87999725341797,65.9000015258789,64.05999755859375,65.9000015258789,14179800.0
2021-10-29,GIS,61.79999923706055,61.79999923706055,62.470001220703125,61.7599983215332,61.90999984741211,2470400.0
2021-10-29,GL,89.0199966430664,89.0199966430664,91.33999633789062,88.80000305175781,91.12000274658203,673700.0
2021-10-29,GLW,35.56999969482422,35.56999969482422,36.0099983215332,35.40999984741211,35.52000045776367,3578800.0
2021-10-29,GM,54.43000030517578,54.43000030517578,55.040000915527344,53.61000061035156,53.900001525878906,16672900.0
2021-10-29,GNRC,498.55999755859375,498.55999755859375,503.5,493.54998779296875,499.9100036621094,651400.0
2021-10-29,GOOG,2965.409912109375,2965.409912109375,2972.260009765625,2903.330078125,2910.39990234375,1447300.0
2021-10-29,GOOGL,2960.919921875,2960.919921875,2964.840087890625,2892.989990234375,2901.56005859375,2163800.0
2021-10-29,GPC,131.11000061035156,131.11000061035156,132.2100067138672,130.07000732421875,131.63999938964844,777700.0
2021-10-29,GPN,142.99000549316406,142.99000549316406,144.27000427246094,142.27000427246094,142.38999938964844,2890000.0
2021-10-29,GPS,22.690000534057617,22.690000534057617,23.059999465942383,22.40999984741211,22.719999313354492,5313500.0
2021-10-29,GRMN,143.60000610351562,143.60000610351562,145.22999572753906,142.1999969482422,144.50999450683594,1237400.0
2021-10-29,GS,413.3500061035156,413.3500061035156,415.9599914550781,411.17999267578125,414.0199890136719,2061200.0
2021-10-29,GWW,463.1099853515625,463.1099853515625,466.1099853515625,445.0,449.5400085449219,666000.0
2021-10-29,HAL,24.989999771118164,24.989999771118164,25.579999923706055,24.860000610351562,25.510000228881836,9670300.0
2021-10-29,HAS,95.76000213623047,95.76000213623047,96.0999984741211,93.80000305175781,95.16000366210938,1376500.0
2021-10-29,HBAN,15.739999771118164,15.739999771118164,15.979999542236328,15.59000015258789,15.869999885559082,9579400.0
2021-10-29,HBI,17.040000915527344,17.040000915527344,17.360000610351562,16.920000076293945,17.239999771118164,3273900.0
2021-10-29,HCA,250.4600067138672,250.4600067138672,253.0,248.3699951171875,250.3699951171875,1176500.0
2021-10-29,HD,371.739990234375,371.739990234375,375.1499938964844,370.0299987792969,370.3299865722656,3819300.0
2021-10-29,HES,82.56999969482422,82.56999969482422,84.36000061035156,81.62999725341797,83.69000244140625,1988600.0
2021-10-29,HIG,72.93000030517578,72.93000030517578,78.16999816894531,72.69999694824219,75.0,2520600.0
2021-10-29,HII,202.72999572753906,202.72999572753906,205.25999450683594,201.69000244140625,204.2100067138672,241700.0
2021-10-29,HLT,143.9499969482422,143.9499969482422,146.5,142.83999633789062,145.5800018310547,2566000.0
2021-10-29,HOLX,73.30999755859375,73.30999755859375,73.44000244140625,71.91999816894531,72.58000183105469,1285600.0
2021-10-29,HON,218.6199951171875,218.6199951171875,220.3000030517578,217.05999755859375,218.0,2615300.0
2021-10-29,HPE,14.649999618530273,14.649999618530273,15.095000267028809,14.640000343322754,14.779999732971191,16770800.0
2021-10-29,HPQ,30.329999923706055,30.329999923706055,30.68000030517578,30.100000381469727,30.270000457763672,7771800.0
2021-10-29,HRL,42.31999969482422,42.31999969482422,43.09000015258789,42.22999954223633,42.720001220703125,4596200.0
2021-10-29,HSIC,76.3499984741211,76.3499984741211,76.69000244140625,75.5199966430664,75.5199966430664,757700.0
2021-10-29,HST,16.829999923706055,16.829999923706055,17.049999237060547,16.780000686645508,16.84000015258789,8963900.0
2021-10-29,HSY,175.35000610351562,175.35000610351562,178.25,174.38999938964844,176.22000122070312,1043800.0
2021-10-29,HUM,463.1600036621094,463.1600036621094,467.739990234375,460.8599853515625,465.3299865722656,1079100.0
2021-10-29,HWM,29.690000534057617,29.690000534057617,30.010000228881836,29.420000076293945,29.68000030517578,2975400.0
2021-10-29,IBM,125.0999984741211,125.0999984741211,126.31999969482422,124.91000366210938,125.43000030517578,5915900.0
2021-10-29,ICE,138.4600067138672,138.4600067138672,138.82000732421875,135.0500030517578,135.08999633789062,2588800.0
2021-10-29,IDXX,666.1400146484375,666.1400146484375,672.9299926757812,645.719970703125,650.1599731445312,472600.0
2021-10-29,IEX,222.57000732421875,222.57000732421875,225.97999572753906,221.08999633789062,222.77000427246094,332000.0
2021-10-29,IFF,147.4499969482422,147.4499969482422,148.75999450683594,146.25,147.67999267578125,936500.0
2021-10-29,ILMN,415.05999755859375,415.05999755859375,416.0,410.19000244140625,415.0899963378906,513600.0
2021-10-29,INCY,66.9800033569336,66.9800033569336,67.63999938964844,65.54000091552734,65.88999938964844,1654100.0
2021-10-29,INFO,130.72000122070312,130.72000122070312,130.80999755859375,128.2899932861328,128.91000366210938,3326200.0
2021-10-29,INTC,49.0,49.0,49.279998779296875,47.91999816894531,48.099998474121094,42255700.0
2021-10-29,INTU,625.989990234375,625.989990234375,626.5999755859375,610.8800048828125,613.3599853515625,1038200.0
2021-10-29,IP,49.66999816894531,49.66999816894531,50.650001525878906,49.5099983215332,49.720001220703125,3188000.0
2021-10-29,IPG,36.56999969482422,36.56999969482422,37.0099983215332,36.369998931884766,36.59000015258789,2388100.0
2021-10-29,IPGP,159.00999450683594,159.00999450683594,159.55999755859375,157.1999969482422,157.75,312700.0
2021-10-29,IQV,261.4200134277344,261.4200134277344,261.9599914550781,255.7100067138672,256.92999267578125,677000.0
2021-10-29,IR,53.7599983215332,53.7599983215332,54.47999954223633,53.5,54.0099983215332,2133800.0
2021-10-29,IRM,45.63999938964844,45.63999938964844,46.56999969482422,45.34000015258789,46.380001068115234,1941600.0
2021-10-29,ISRG,361.1300048828125,361.1300048828125,362.6700134277344,352.9200134277344,353.8500061035156,1558600.0
2021-10-29,IT,331.9100036621094,331.9100036621094,332.29998779296875,324.0400085449219,324.82000732421875,471100.0
2021-10-29,ITW,227.8699951171875,227.8699951171875,229.10000610351562,225.5399932861328,225.85000610351562,1480000.0
2021-10-29,IVZ,25.40999984741211,25.40999984741211,25.8700008392334,25.299999237060547,25.40999984741211,5045800.0
2021-10-29,J,140.4199981689453,140.4199981689453,141.0500030517578,138.9499969482422,139.0,454700.0
2021-10-29,JBHT,197.19000244140625,197.19000244140625,199.13999938964844,195.9600067138672,196.49000549316406,386500.0
2021-10-29,JCI,73.37000274658203,73.37000274658203,73.81999969482422,72.91000366210938,72.97000122070312,3216000.0
2021-10-29,JKHY,166.47999572753906,166.47999572753906,167.72999572753906,163.1999969482422,163.1999969482422,461600.0
2021-10-29,JNJ,162.8800048828125,162.8800048828125,163.25,160.61000061035156,162.35000610351562,8526400.0
2021-10-29,JNPR,29.520000457763672,29.520000457763672,30.0,29.270000457763672,29.68000030517578,4666500.0
2021-10-29,JPM,169.88999938964844,169.88999938964844,172.24000549316406,169.38999938964844,171.17999267578125,8139500.0
2021-10-29,K,61.29999923706055,61.29999923706055,61.900001525878906,61.16999816894531,61.599998474121094,2190000.0
2021-10-29,KEY,23.270000457763672,23.270000457763672,23.540000915527344,23.25,23.530000686645508,5218600.0
2021-10-29,KEYS,180.02000427246094,180.02000427246094,180.25,178.07000732421875,178.25999450683594,703600.0
2021-10-29,KHC,35.88999938964844,35.88999938964844,36.619998931884766,35.779998779296875,36.310001373291016,6244500.0
2021-10-29,KIM,22.600000381469727,22.600000381469727,22.790000915527344,22.459999084472656,22.639999389648438,4484100.0
2021-10-29,KLAC,372.760009765625,372.760009765625,374.1099853515625,351.9800109863281,352.2300109863281,1603300.0
2021-10-29,KMB,129.49000549316406,129.49000549316406,130.4499969482422,129.05999755859375,129.88999938964844,1751300.0
2021-10-29,KMI,16.75,16.75,17.139999389648438,16.729999542236328,17.049999237060547,16229300.0
2021-10-29,KMX,136.9199981689453,136.9199981689453,137.77000427246094,135.0,135.38999938964844,1079700.0
2021-10-29,KO,56.369998931884766,56.369998931884766,56.470001220703125,55.779998779296875,55.869998931884766,24460800.0
2021-10-29,KR,40.02000045776367,40.02000045776367,40.380001068115234,39.47999954223633,39.58000183105469,5975900.0
2021-10-29,KSU,310.25,310.25,310.9700012207031,307.95001220703125,308.1000061035156,471300.0
2021-10-29,L,56.06999969482422,56.06999969482422,56.720001220703125,55.86000061035156,56.439998626708984,573000.0
2021-10-29,LDOS,99.9800033569336,99.9800033569336,100.22000122070312,98.3499984741211,98.5,700600.0
2021-10-29,LEG,46.849998474121094,46.849998474121094,48.060001373291016,46.599998474121094,47.810001373291016,2373400.0
2021-10-29,LEN,99.93000030517578,99.93000030517578,101.37999725341797,99.08999633789062,99.76000213623047,1754700.0
2021-10-29,LH,287.0199890136719,287.0199890136719,287.3900146484375,281.7200012207031,285.2300109863281,670500.0
2021-10-29,LHX,230.5399932861328,230.5399932861328,231.36000061035156,223.92999267578125,225.17999267578125,1982200.0
2021-10-29,LIN,319.20001220703125,319.20001220703125,322.7200012207031,316.8500061035156,317.6400146484375,1890800.0
2021-10-29,LKQ,55.08000183105469,55.08000183105469,56.70000076293945,54.65999984741211,56.38999938964844,1685500.0
2021-10-29,LLY,254.75999450683594,254.75999450683594,256.4700012207031,251.77000427246094,253.77999877929688,3152000.0
2021-10-29,LMT,332.32000732421875,332.32000732421875,334.3599853515625,328.8399963378906,330.0,1818900.0
2021-10-29,LNC,72.1500015258789,72.1500015258789,75.38999938964844,71.75,75.12000274658203,2189700.0
2021-10-29,LNT,56.56999969482422,56.56999969482422,57.060001373291016,56.119998931884766,56.38999938964844,1374900.0
2021-10-29,LOW,233.82000732421875,233.82000732421875,234.74000549316406,230.5,230.77999877929688,3312600.0
2021-10-29,LRCX,563.5700073242188,563.5700073242188,567.1599731445312,556.2000122070312,558.3400268554688,1338100.0
2021-10-29,LUMN,11.859999656677246,11.859999656677246,12.0,11.819999694824219,11.890000343322754,7024700.0
2021-10-29,LUV,47.279998779296875,47.279998779296875,47.41999816894531,46.7599983215332,47.02000045776367,6077400.0
2021-10-29,LVS,38.810001373291016,38.810001373291016,40.5,38.68000030517578,39.75,8828900.0
2021-10-29,LW,56.45000076293945,56.45000076293945,57.459999084472656,56.29999923706055,57.099998474121094,1017800.0
2021-10-29,LYB,92.81999969482422,92.81999969482422,95.44000244140625,91.5999984741211,92.94000244140625,4332100.0
2021-10-29,LYV,101.1500015258789,101.1500015258789,101.45999908447266,99.62000274658203,100.05000305175781,1175100.0
2021-10-29,MA,335.5199890136719,335.5199890136719,338.1499938964844,331.1099853515625,331.239990234375,5842700.0
2021-10-29,MAA,204.2100067138672,204.2100067138672,206.89999389648438,203.3699951171875,206.0399932861328,704500.0
2021-10-29,MAR,160.02000427246094,160.02000427246094,161.0500030517578,157.4499969482422,159.0,2023200.0
2021-10-29,MAS,65.55000305175781,65.55000305175781,66.13999938964844,65.01000213623047,65.06999969482422,2262400.0
2021-10-29,MCD,245.5500030517578,245.5500030517578,246.08999633789062,242.47000122070312,243.0,4329400.0
2021-10-29,MCHP,74.08999633789062,74.08999633789062,74.80999755859375,73.58000183105469,73.72000122070312,2594300.0
2021-10-29,MCK,207.8800048828125,207.8800048828125,208.60000610351562,203.33999633789062,204.11000061035156,963500.0
2021-10-29,MCO,404.1499938964844,404.1499938964844,407.7300109863281,400.29998779296875,407.4100036621094,774400.0
2021-10-29,MDLZ,60.7400016784668,60.7400016784668,61.15999984741211,60.63999938964844,60.91999816894531,5074300.0
2021-10-29,MDT,119.86000061035156,119.86000061035156,120.62000274658203,118.87999725341797,120.58999633789062,8118500.0
2021-10-29,MET,62.79999923706055,62.79999923706055,65.56999969482422,62.40999984741211,65.41999816894531,8402400.0
2021-10-29,MGM,47.15999984741211,47.15999984741211,47.77000045776367,46.689998626708984,46.90999984741211,4891600.0
2021-10-29,MHK,177.2100067138672,177.2100067138672,191.91000366210938,174.1699981689453,189.0,1556600.0
2021-10-29,MKC,80.2300033569336,80.2300033569336,81.76000213623047,79.8499984741211,81.04000091552734,1571200.0
2021-10-29,MKTX,408.6700134277344,408.6700134277344,409.2900085449219,403.7099914550781,406.7099914550781,259400.0
2021-10-29,MLM,392.8399963378906,392.8399963378906,395.0,389.7300109863281,389.7300109863281,331400.0
2021-10-29,MMC,166.8000030517578,166.8000030517578,168.32000732421875,166.44000244140625,167.10000610351562,2924800.0
2021-10-29,MMM,178.67999267578125,178.67999267578125,180.91000366210938,178.1199951171875,179.7100067138672,2559500.0
2021-10-29,MNST,85.0,85.0,85.38999938964844,84.75,84.9000015258789,2701300.0
2021-10-29,MO,44.11000061035156,44.11000061035156,44.65999984741211,44.099998474121094,44.290000915527344,13377100.0
2021-10-29,MOS,41.56999969482422,41.56999969482422,41.939998626708984,41.16999816894531,41.599998474121094,3543800.0
2021-10-29,MPC,65.93000030517578,65.93000030517578,66.79000091552734,65.48999786376953,66.77999877929688,7652500.0
2021-10-29,MPWR,525.4600219726562,525.4600219726562,527.1500244140625,500.05999755859375,512.3599853515625,626700.0
2021-10-29,MRK,88.05000305175781,88.05000305175781,88.45999908447266,86.16999816894531,86.48999786376953,18673200.0
2021-10-29,MRNA,345.2099914550781,345.2099914550781,347.70001220703125,337.25,344.4700012207031,4452600.0
2021-10-29,MRO,16.31999969482422,16.31999969482422,16.440000534057617,16.020000457763672,16.3799991607666,14207200.0
2021-10-29,MS,102.77999877929688,102.77999877929688,103.30999755859375,101.93000030517578,102.11000061035156,8056900.0
2021-10-29,MSCI,664.8800048828125,664.8800048828125,666.1500244140625,649.8300170898438,649.9299926757812,253600.0
2021-10-29,MSFT,331.6199951171875,331.6199951171875,332.0,323.8999938964844,324.1300048828125,34744900.0
2021-10-29,MSI,248.58999633789062,248.58999633789062,249.50999450683594,246.0,247.08999633789062,830100.0
2021-10-29,MTB,147.1199951171875,147.1199951171875,148.89999389648438,146.4199981689453,148.3699951171875,1280400.0
2021-10-29,MTCH,150.77999877929688,150.77999877929688,155.91000366210938,149.5500030517578,155.86000061035156,3397500.0
2021-10-29,MTD,1480.8800048828125,1480.8800048828125,1492.18994140625,1470.5999755859375,1470.5999755859375,87200.0
2021-10-29,MU,69.0999984741211,69.0999984741211,69.55000305175781,68.04000091552734,68.38999938964844,11431600.0
2021-10-29,NCLH,25.719999313354492,25.719999313354492,26.34000015258789,25.440000534057617,25.739999771118164,11883500.0
2021-10-29,NDAQ,209.8699951171875,209.8699951171875,210.66000366210938,206.13999938964844,206.63999938964844,675900.0
2021-10-29,NEE,85.33000183105469,85.33000183105469,86.45999908447266,84.94000244140625,86.16999816894531,7791400.0
2021-10-29,NEM,54.0,54.0,55.380001068115234,53.9900016784668,54.16999816894531,9877000.0
2021-10-29,NFLX,690.3099975585938,690.3099975585938,690.969970703125,671.239990234375,673.0599975585938,3817500.0
2021-10-29,NI,24.670000076293945,24.670000076293945,24.799999237060547,24.540000915527344,24.59000015258789,3494400.0
2021-10-29,NKE,167.2899932861328,167.2899932861328,167.6300048828125,163.0,163.05999755859375,6740000.0
2021-10-29,NLOK,25.450000762939453,25.450000762939453,26.1299991607666,25.3700008392334,25.979999542236328,2736500.0
2021-10-29,NLSN,20.25,20.25,20.790000915527344,20.15999984741211,20.700000762939453,3321800.0
2021-10-29,NOC,357.2200012207031,357.2200012207031,359.6600036621094,352.0,352.0,1351100.0
2021-10-29,NOW,697.760009765625,697.760009765625,698.4299926757812,682.1500244140625,686.3499755859375,1106600.0
2021-10-29,NRG,39.88999938964844,39.88999938964844,40.59000015258789,39.65999984741211,40.5099983215332,1863300.0
2021-10-29,NSC,293.04998779296875,293.04998779296875,296.05999755859375,290.8699951171875,291.3999938964844,984000.0
2021-10-29,NTAP,89.30000305175781,89.30000305175781,90.23999786376953,88.5999984741211,89.0,1118700.0
2021-10-29,NTRS,123.04000091552734,123.04000091552734,123.91999816894531,122.43000030517578,122.5,743300.0
2021-10-29,NUE,111.6500015258789,111.6500015258789,114.88999938964844,110.73999786376953,111.25,5361700.0
2021-10-29,NVDA,255.6699981689453,255.6699981689453,257.0899963378906,250.0,250.00999450683594,29213700.0
2021-10-29,NVR,4894.7998046875,4894.7998046875,4916.0400390625,4867.91015625,4878.10009765625,14800.0
2021-10-29,NWL,22.889999389648438,22.889999389648438,23.450000762939453,21.829999923706055,22.530000686645508,4856600.0
2021-10-29,NWS,22.559999465942383,22.559999465942383,22.81999969482422,22.360000610351562,22.700000762939453,944800.0
2021-10-29,NWSA,22.899999618530273,22.899999618530273,23.18000030517578,22.75,22.959999084472656,3278400.0
2021-10-29,NXPI,200.86000061035156,200.86000061035156,201.80999755859375,197.22000122070312,197.74000549316406,1604600.0
2021-10-29,O,71.43000030517578,71.43000030517578,73.31999969482422,71.23999786376953,72.52999877929688,43834700.0
2021-10-29,ODFL,341.3500061035156,341.3500061035156,344.1600036621094,332.79998779296875,332.79998779296875,523200.0
2021-10-29,OGN,36.75,36.75,37.229000091552734,36.380001068115234,36.459999084472656,1800000.0
2021-10-29,OKE,63.619998931884766,63.619998931884766,64.70999908447266,63.279998779296875,64.55000305175781,2444400.0
2021-10-29,OMC,68.08000183105469,68.08000183105469,69.16000366210938,67.79000091552734,69.12999725341797,1714400.0
2021-10-29,ORCL,95.94000244140625,95.94000244140625,96.97000122070312,95.45999908447266,95.79000091552734,7578600.0
2021-10-29,ORLY,622.3200073242188,622.3200073242188,632.3699951171875,618.260009765625,624.3099975585938,552300.0
2021-10-29,OTIS,80.30999755859375,80.30999755859375,81.4800033569336,79.54000091552734,79.55999755859375,2870500.0
2021-10-29,OXY,33.529998779296875,33.529998779296875,34.09000015258789,33.11000061035156,33.849998474121094,13342200.0
2021-10-29,PAYC,547.8499755859375,547.8499755859375,548.9600219726562,534.1400146484375,534.1400146484375,229100.0
2021-10-29,PAYX,123.27999877929688,123.27999877929688,123.8499984741211,122.62999725341797,123.20999908447266,1280300.0
2021-10-29,PBCT,17.139999389648438,17.139999389648438,17.3700008392334,17.010000228881836,17.309999465942383,22739800.0
2021-10-29,PCAR,89.62000274658203,89.62000274658203,90.38999938964844,89.12999725341797,89.19000244140625,1709700.0
2021-10-29,PEAK,35.5099983215332,35.5099983215332,36.060001373291016,35.31999969482422,36.02000045776367,3298200.0
2021-10-29,PEG,63.79999923706055,63.79999923706055,64.56999969482422,63.52000045776367,64.0999984741211,1759000.0
2021-10-29,PENN,71.5999984741211,71.5999984741211,74.3499984741211,70.3499984741211,72.83000183105469,3832600.0
2021-10-29,PEP,161.60000610351562,161.60000610351562,162.25999450683594,160.91000366210938,161.02999877929688,4558200.0
2021-10-29,PFE,43.7400016784668,43.7400016784668,43.83000183105469,42.86000061035156,43.09000015258789,30257400.0
2021-10-29,PFG,67.08999633789062,67.08999633789062,67.44000244140625,66.55000305175781,67.06999969482422,1384800.0
2021-10-29,PG,142.99000549316406,142.99000549316406,143.47999572753906,142.02000427246094,142.16000366210938,6239500.0
2021-10-29,PGR,94.87999725341797,94.87999725341797,95.98999786376953,94.66999816894531,95.88999938964844,2128200.0
2021-10-29,PH,296.5899963378906,296.5899963378906,302.7099914550781,296.25,300.1099853515625,713200.0
2021-10-29,PHM,48.08000183105469,48.08000183105469,49.560001373291016,47.9900016784668,48.720001220703125,2763300.0
2021-10-29,PKG,137.3699951171875,137.3699951171875,139.4199981689453,137.0500030517578,138.2100067138672,521500.0
2021-10-29,PKI,176.88999938964844,176.88999938964844,178.24000549316406,175.49000549316406,177.1699981689453,580200.0
2021-10-29,PLD,144.9600067138672,144.9600067138672,146.61000061035156,144.6199951171875,145.97999572753906,3743200.0
2021-10-29,PM,94.54000091552734,94.54000091552734,96.06999969482422,94.30999755859375,95.79000091552734,5260500.0
2021-10-29,PNC,211.02999877929688,211.02999877929688,214.5,210.41000366210938,213.9600067138672,1776700.0
2021-10-29,PNR,73.97000122070312,73.97000122070312,74.70999908447266,73.45999908447266,73.62999725341797,1739200.0
2021-10-29,PNW,64.48999786376953,64.48999786376953,66.72000122070312,64.44000244140625,66.25,2195400.0
2021-10-29,POOL,515.1599731445312,515.1599731445312,519.010009765625,505.20001220703125,505.20001220703125,206900.0
2021-10-29,PPG,160.57000732421875,160.57000732421875,164.0,159.4199981689453,162.2100067138672,2067400.0
2021-10-29,PPL,28.799999237060547,28.799999237060547,29.170000076293945,28.670000076293945,29.040000915527344,3132600.0
2021-10-29,PRU,110.05000305175781,110.05000305175781,112.83000183105469,109.5199966430664,112.48999786376953,2199700.0
2021-10-29,PSA,332.17999267578125,332.17999267578125,335.7099914550781,328.2900085449219,329.30999755859375,1358900.0
2021-10-29,PSX,74.77999877929688,74.77999877929688,77.68000030517578,74.06999969482422,77.0,5109100.0
2021-10-29,PTC,127.3499984741211,127.3499984741211,128.97999572753906,126.08999633789062,126.11000061035156,965700.0
2021-10-29,PVH,109.33000183105469,109.33000183105469,110.76000213623047,108.47000122070312,108.9000015258789,551600.0
2021-10-29,PWR,121.27999877929688,121.27999877929688,122.94999694824219,120.55999755859375,121.0199966430664,905200.0
2021-10-29,PXD,186.97999572753906,186.97999572753906,190.1999969482422,186.00999450683594,189.52000427246094,1376700.0
2021-10-29,PYPL,232.58999633789062,232.58999633789062,238.89999389648438,231.7100067138672,235.42999267578125,12995100.0
2021-10-29,QCOM,133.0399932861328,133.0399932861328,133.67999267578125,132.4499969482422,132.86000061035156,5244800.0
2021-10-29,QRVO,168.22999572753906,168.22999572753906,170.35000610351562,166.35000610351562,167.1199951171875,997800.0
2021-10-29,RCL,84.43000030517578,84.43000030517578,86.30999755859375,83.52999877929688,84.0,3363800.0
2021-10-29,RE,261.5,261.5,267.1600036621094,261.3299865722656,266.45001220703125,406500.0
2021-10-29,REG,70.41000366210938,70.41000366210938,71.05999755859375,69.93000030517578,70.70999908447266,1658100.0
2021-10-29,REGN,639.9400024414062,639.9400024414062,641.260009765625,618.1099853515625,619.1300048828125,860400.0
2021-10-29,RF,23.68000030517578,23.68000030517578,23.950000762939453,23.670000076293945,23.81999969482422,7210200.0
2021-10-29,RHI,113.06999969482422,113.06999969482422,113.58000183105469,111.86000061035156,112.02999877929688,626500.0
2021-10-29,RJF,98.58999633789062,98.58999633789062,100.19999694824219,98.36000061035156,99.97000122070312,1002600.0
2021-10-29,RL,127.16999816894531,127.16999816894531,127.86000061035156,124.3499984741211,124.7699966430664,1316800.0
2021-10-29,RMD,262.9100036621094,262.9100036621094,275.1099853515625,257.8399963378906,271.4700012207031,889000.0
2021-10-29,ROK,319.3999938964844,319.3999938964844,320.55999755859375,317.760009765625,318.239990234375,439600.0
2021-10-29,ROL,35.22999954223633,35.22999954223633,35.369998931884766,34.41999816894531,34.720001220703125,1995200.0
2021-10-29,ROP,487.8699951171875,487.8699951171875,488.3800048828125,483.4100036621094,486.0,360900.0
2021-10-29,ROST,113.19999694824219,113.19999694824219,113.48999786376953,112.31999969482422,112.97000122070312,1927300.0
2021-10-29,RSG,134.60000610351562,134.60000610351562,145.97999572753906,132.14999389648438,140.33999633789062,2668700.0
2021-10-29,RTX,88.86000061035156,88.86000061035156,89.76000213623047,88.51000213623047,89.05999755859375,5202300.0
2021-10-29,SBAC,345.3299865722656,345.3299865722656,354.739990234375,342.82000732421875,351.1099853515625,705900.0
2021-10-29,SBUX,106.06999969482422,106.06999969482422,107.98999786376953,104.0199966430664,107.5,27401600.0
2021-10-29,SCHW,82.02999877929688,82.02999877929688,82.70999908447266,81.73999786376953,82.0,4421600.0
2021-10-29,SEE,59.31999969482422,59.31999969482422,59.34000015258789,58.84000015258789,58.86000061035156,949500.0
2021-10-29,SHW,316.6099853515625,316.6099853515625,323.5,314.6000061035156,321.30999755859375,1524700.0
2021-10-29,SIVB,717.4000244140625,717.4000244140625,722.5499877929688,711.9099731445312,713.75,407400.0
2021-10-29,SJM,122.86000061035156,122.86000061035156,125.69999694824219,122.63999938964844,124.68000030517578,1415500.0
2021-10-29,SLB,32.2599983215332,32.2599983215332,33.189998626708984,32.16999816894531,33.189998626708984,13936900.0
2021-10-29,SNA,203.22999572753906,203.22999572753906,207.02999877929688,202.11000061035156,205.50999450683594,343600.0
2021-10-29,SNPS,333.17999267578125,333.17999267578125,333.6400146484375,325.3900146484375,325.6300048828125,578500.0
2021-10-29,SO,62.31999969482422,62.31999969482422,63.09000015258789,62.060001373291016,62.709999084472656,3718700.0
2021-10-29,SPG,146.5800018310547,146.5800018310547,147.74000549316406,145.67999267578125,146.4499969482422,2777200.0
2021-10-29,SPGI,474.1600036621094,474.1600036621094,475.6600036621094,466.1400146484375,467.989990234375,1588500.0
2021-10-29,SRE,127.62999725341797,127.62999725341797,129.9600067138672,126.88999938964844,129.57000732421875,1566100.0
2021-10-29,STE,233.74000549316406,233.74000549316406,234.3300018310547,229.75999450683594,232.58999633789062,475600.0
2021-10-29,STT,98.55000305175781,98.55000305175781,99.54000091552734,97.88999938964844,98.79000091552734,1709600.0
2021-10-29,STX,89.06999969482422,89.06999969482422,89.54000091552734,87.76000213623047,88.25,2702300.0
2021-10-29,STZ,216.80999755859375,216.80999755859375,217.6999969482422,215.25,215.3800048828125,980600.0
2021-10-29,SWK,179.72999572753906,179.72999572753906,183.50999450683594,178.89999389648438,183.38999938964844,2215100.0
2021-10-29,SWKS,167.1300048828125,167.1300048828125,169.61000061035156,165.64999389648438,167.64999389648438,1598100.0
2021-10-29,SYF,46.45000076293945,46.45000076293945,47.66999816894531,46.349998474121094,47.40999984741211,4615200.0
2021-10-29,SYK,266.07000732421875,266.07000732421875,266.7099914550781,258.0,260.70001220703125,2393500.0
2021-10-29,SYY,76.9000015258789,76.9000015258789,77.22000122070312,76.04000091552734,76.33000183105469,2769600.0
2021-10-29,T,25.260000228881836,25.260000228881836,25.520000457763672,25.149999618530273,25.3700008392334,54157900.0
2021-10-29,TAP,44.09000015258789,44.09000015258789,45.0,43.689998626708984,43.689998626708984,3058800.0
2021-10-29,TDG,623.8200073242188,623.8200073242188,630.510009765625,617.97998046875,626.7899780273438,256100.0
2021-10-29,TDY,449.2200012207031,449.2200012207031,456.2900085449219,444.7699890136719,445.1700134277344,395300.0
2021-10-29,TECH,523.6500244140625,523.6500244140625,525.6900024414062,512.72998046875,512.72998046875,182100.0
2021-10-29,TEL,146.0,146.0,146.47999572753906,144.30999755859375,144.3800048828125,1671400.0
2021-10-29,TER,138.24000549316406,138.24000549316406,138.74000549316406,134.97000122070312,135.2100067138672,2347000.0
2021-10-29,TFC,63.470001220703125,63.470001220703125,64.19000244140625,63.439998626708984,63.970001220703125,4994800.0
2021-10-29,TFX,356.94000244140625,356.94000244140625,359.3999938964844,343.2900085449219,345.6700134277344,516600.0
2021-10-29,TGT,259.6199951171875,259.6199951171875,259.7799987792969,256.510009765625,256.510009765625,2417400.0
2021-10-29,TJX,65.48999786376953,65.48999786376953,65.98999786376953,64.73999786376953,65.0,8269300.0
2021-10-29,TMO,633.0700073242188,633.0700073242188,634.0999755859375,616.9500122070312,621.6699829101562,1541700.0
2021-10-29,TMUS,115.02999877929688,115.02999877929688,116.33000183105469,114.69000244140625,115.81999969482422,4174400.0
2021-10-29,TPR,38.97999954223633,38.97999954223633,39.43000030517578,38.560001373291016,38.91999816894531,1926700.0
2021-10-29,TRMB,87.37000274658203,87.37000274658203,88.13999938964844,86.77999877929688,87.01000213623047,619400.0
2021-10-29,TROW,216.8800048828125,216.8800048828125,221.4600067138672,213.75,214.72999572753906,1744300.0
2021-10-29,TRV,160.8800048828125,160.8800048828125,162.44000244140625,160.66000366210938,162.1300048828125,1314100.0
2021-10-29,TSCO,217.1699981689453,217.1699981689453,217.72000122070312,209.64999389648438,209.64999389648438,1080500.0
2021-10-29,TSLA,1114.0,1114.0,1115.2099609375,1073.2099609375,1081.8599853515625,29733600.0
2021-10-29,TSN,79.97000122070312,79.97000122070312,81.79000091552734,79.94000244140625,81.06999969482422,1771200.0
2021-10-29,TT,180.92999267578125,180.92999267578125,182.5399932861328,180.16000366210938,180.85000610351562,994100.0
2021-10-29,TTWO,181.0,181.0,184.47000122070312,179.74000549316406,181.35000610351562,1075600.0
2021-10-29,TWTR,53.540000915527344,53.540000915527344,54.47999954223633,53.150001525878906,54.0099983215332,14819400.0
2021-10-29,TXN,187.47999572753906,187.47999572753906,188.36000061035156,186.22999572753906,186.38999938964844,4552200.0
2021-10-29,TXT,73.8499984741211,73.8499984741211,74.23999786376953,72.08999633789062,72.08999633789062,1086700.0
2021-10-29,TYL,543.219970703125,543.219970703125,546.97998046875,534.4099731445312,537.7899780273438,232600.0
2021-10-29,UA,18.8799991607666,18.8799991607666,19.329999923706055,18.625,18.770000457763672,1971976.0
2021-10-29,UAA,21.959999084472656,21.959999084472656,22.729999542236328,21.760000228881836,22.040000915527344,5929500.0
2021-10-29,UAL,46.13999938964844,46.13999938964844,46.45000076293945,45.47999954223633,45.86000061035156,9670000.0
2021-10-29,UDR,55.529998779296875,55.529998779296875,56.209999084472656,55.119998931884766,56.0099983215332,2243200.0
2021-10-29,UHS,124.0999984741211,124.0999984741211,127.13999938964844,123.45999908447266,126.01000213623047,995900.0
2021-10-29,ULTA,367.3599853515625,367.3599853515625,373.45001220703125,366.07000732421875,371.1499938964844,649400.0
2021-10-29,UNH,460.4700012207031,460.4700012207031,461.3900146484375,453.05999755859375,454.4100036621094,2496700.0
2021-10-29,UNP,241.39999389648438,241.39999389648438,242.88999938964844,239.39999389648438,240.4199981689453,2387000.0
2021-10-29,UPS,213.47000122070312,213.47000122070312,216.07000732421875,212.25,212.74000549316406,2362000.0
2021-10-29,URI,379.1099853515625,379.1099853515625,380.1700134277344,368.4599914550781,369.69000244140625,1041400.0
2021-10-29,USB,60.369998931884766,60.369998931884766,61.20000076293945,60.20000076293945,61.029998779296875,4008400.0
2021-10-29,V,211.77000427246094,211.77000427246094,213.6699981689453,208.5399932861328,209.2100067138672,14325700.0
2021-10-29,VFC,72.87999725341797,72.87999725341797,73.26000213623047,71.79000091552734,72.45999908447266,4409000.0
2021-10-29,VIAC,36.220001220703125,36.220001220703125,37.029998779296875,36.060001373291016,36.849998474121094,8439200.0
2021-10-29,VLO,77.33000183105469,77.33000183105469,78.62000274658203,76.66000366210938,78.55999755859375,4767900.0
2021-10-29,VMC,190.1199951171875,190.1199951171875,190.3800048828125,187.36000061035156,187.42999267578125,1014400.0
2021-10-29,VNO,42.630001068115234,42.630001068115234,43.45000076293945,42.439998626708984,43.310001373291016,1470600.0
2021-10-29,VRSK,210.27000427246094,210.27000427246094,211.89999389648438,208.74000549316406,208.85000610351562,624700.0
2021-10-29,VRSN,222.6699981689453,222.6699981689453,224.77000427246094,214.39999389648438,215.88999938964844,866500.0
2021-10-29,VRTX,184.92999267578125,184.92999267578125,185.91000366210938,180.6699981689453,181.92999267578125,1567900.0
2021-10-29,VTR,53.369998931884766,53.369998931884766,55.43000030517578,53.29999923706055,55.31999969482422,3059500.0
2021-10-29,VTRS,13.350000381469727,13.350000381469727,13.390000343322754,13.229999542236328,13.329999923706055,9008500.0
2021-10-29,VZ,52.9900016784668,52.9900016784668,53.04999923706055,52.40999984741211,52.5,17758800.0
2021-10-29,WAB,90.7300033569336,90.7300033569336,91.80000305175781,90.1500015258789,90.5,1211200.0
2021-10-29,WAT,367.54998779296875,367.54998779296875,367.82000732421875,359.4700012207031,361.7200012207031,305200.0
2021-10-29,WBA,47.02000045776367,47.02000045776367,47.279998779296875,46.77000045776367,46.86000061035156,4998000.0
2021-10-29,WDC,52.290000915527344,52.290000915527344,53.5,49.5,49.91999816894531,18239400.0
2021-10-29,WEC,90.05999755859375,90.05999755859375,91.29000091552734,89.61000061035156,90.51000213623047,1157300.0
2021-10-29,WELL,80.4000015258789,80.4000015258789,82.44000244140625,79.5199966430664,82.22000122070312,3692500.0
2021-10-29,WFC,51.15999984741211,51.15999984741211,51.63999938964844,51.02000045776367,51.25,19783300.0
2021-10-29,WHR,210.8300018310547,210.8300018310547,213.61000061035156,209.60000610351562,210.61000061035156,728700.0
2021-10-29,WLTW,242.27999877929688,242.27999877929688,248.80999755859375,239.69000244140625,246.99000549316406,2288400.0
2021-10-29,WM,160.22999572753906,160.22999572753906,160.6199951171875,157.27000427246094,157.5,1609000.0
2021-10-29,WMB,28.09000015258789,28.09000015258789,28.420000076293945,27.940000534057617,28.3700008392334,6447400.0
2021-10-29,WMT,149.4199981689453,149.4199981689453,150.10000610351562,147.55999755859375,147.91000366210938,7328600.0
2021-10-29,WRB,79.5999984741211,79.5999984741211,81.05000305175781,79.30999755859375,81.0,600500.0
2021-10-29,WRK,48.099998474121094,48.099998474121094,49.380001068115234,47.98500061035156,48.900001525878906,2014100.0
2021-10-29,WST,429.8800048828125,429.8800048828125,432.5199890136719,417.6499938964844,421.0,554200.0
2021-10-29,WU,18.219999313354492,18.219999313354492,18.639999389648438,18.18000030517578,18.5,5164300.0
2021-10-29,WY,35.720001220703125,35.720001220703125,37.279998779296875,35.52000045776367,36.279998779296875,5544600.0
2021-10-29,WYNN,89.80000305175781,89.80000305175781,91.44999694824219,88.7699966430664,90.6500015258789,2957700.0
2021-10-29,XEL,64.58999633789062,64.58999633789062,65.5999984741211,64.08999633789062,65.5199966430664,4082900.0
2021-10-29,XLNX,180.0,180.0,182.33999633789062,178.50999450683594,179.89999389648438,1361800.0
2021-10-29,XOM,64.47000122070312,64.47000122070312,65.36000061035156,64.33000183105469,65.05000305175781,23963300.0
2021-10-29,XRAY,57.209999084472656,57.209999084472656,57.7400016784668,56.7599983215332,57.18000030517578,1135300.0
2021-10-29,XYL,130.58999633789062,130.58999633789062,132.64999389648438,129.83999633789062,130.82000732421875,703500.0
2021-10-29,YUM,124.94000244140625,124.94000244140625,125.98999786376953,123.70999908447266,124.44000244140625,2303800.0
2021-10-29,ZBH,143.1199951171875,143.1199951171875,143.49000549316406,139.24000549316406,143.00999450683594,1632100.0
2021-10-29,ZBRA,533.9500122070312,533.9500122070312,534.5399780273438,525.8599853515625,528.27001953125,266200.0
2021-10-29,ZION,62.9900016784668,62.9900016784668,63.790000915527344,62.91999816894531,63.119998931884766,1151500.0
2021-10-29,ZTS,216.1999969482422,216.1999969482422,216.9199981689453,212.74000549316406,213.16000366210938,2127500.0
2021-11-01,AAL,19.299999237060547,19.299999237060547,19.395000457763672,18.8789005279541,19.09000015258789,11090222.0
2021-11-01,AAPL,148.44500732421875,148.44500732421875,149.6999969482422,147.8000030517578,148.98500061035156,31354099.0
2021-11-01,ABBV,114.37999725341797,114.37999725341797,115.71800231933594,113.56999969482422,115.25,1917489.0
2021-11-01,ABC,122.91999816894531,122.91999816894531,123.4800033569336,122.2300033569336,122.41999816894531,121851.0
2021-11-01,ABT,128.58999633789062,128.58999633789062,129.52999877929688,128.32000732421875,128.63499450683594,804789.0
2021-11-01,ADI,174.44000244140625,174.44000244140625,175.2449951171875,172.9134979248047,173.17999267578125,601051.0
2021-11-01,ADM,64.05999755859375,64.05999755859375,64.56999969482422,63.88999938964844,64.51000213623047,878948.0
2021-11-01,ADP,221.7100067138672,221.7100067138672,224.4199981689453,221.66000366210938,224.11000061035156,305848.0
2021-11-01,ADSK,315.6400146484375,315.6400146484375,319.739990234375,315.4200134277344,318.5,169024.0
2021-11-01,AEE,83.63500213623047,83.63500213623047,84.19999694824219,83.54199981689453,84.44000244140625,215640.0
2021-11-01,AEP,84.77999877929688,84.77999877929688,84.97000122070312,84.41000366210938,84.7040023803711,420327.0
2021-11-01,AIZ,161.32000732421875,161.32000732421875,162.47000122070312,160.92999267578125,161.91000366210938,39686.0
2021-11-01,AKAM,103.58999633789062,103.58999633789062,105.48999786376953,103.37999725341797,105.44000244140625,403147.0
2021-11-01,ALB,254.56500244140625,254.56500244140625,256.94989013671875,249.69000244140625,256.0,587690.0
2021-11-01,ALGN,660.5499877929688,660.5499877929688,667.0999755859375,631.5,631.5,446021.0
2021-11-01,ALK,53.91999816894531,53.91999816894531,54.185001373291016,52.63970184326172,53.02000045776367,423076.0
2021-11-01,ALLE,129.16000366210938,129.16000366210938,129.47999572753906,128.49000549316406,128.8300018310547,122054.0
2021-11-01,AMCR,12.029999732971191,12.029999732971191,12.21500015258789,12.005000114440918,12.130000114440918,1427408.0
2021-11-01,AMD,121.0,121.0,121.87999725341797,118.1500015258789,119.44999694824219,18967733.0
2021-11-01,AME,132.91000366210938,132.91000366210938,133.86000061035156,132.6300048828125,132.52999877929688,341123.0
2021-11-01,AMGN,211.22999572753906,211.22999572753906,211.32000732421875,207.77000427246094,208.0,651858.0
2021-11-01,AMP,303.07000732421875,303.07000732421875,305.2799987792969,301.5899963378906,303.4800109863281,71090.0
2021-11-01,ANET,412.2900085449219,412.2900085449219,413.489990234375,408.55999755859375,408.5799865722656,145429.0
2021-11-01,ANSS,378.75,378.75,382.9800109863281,378.3599853515625,380.7099914550781,54984.0
2021-11-01,APA,27.13990020751953,27.13990020751953,27.329999923706055,26.510000228881836,26.924999237060547,2758314.0
2021-11-01,APD,298.9800109863281,298.9800109863281,300.94000244140625,298.5199890136719,299.6099853515625,102757.0
2021-11-01,ARE,202.0800018310547,202.0800018310547,204.13999938964844,201.92999267578125,204.1699981689453,90876.0
2021-11-01,ATVI,79.73999786376953,79.73999786376953,80.0,78.54000091552734,78.94000244140625,2157218.0
2021-11-01,AVGO,528.864990234375,528.864990234375,532.5750732421875,528.0499877929688,530.3359985351562,231131.0
2021-11-01,AXP,174.2091064453125,174.2091064453125,176.07000732421875,173.6999969482422,174.5800018310547,608690.0
2021-11-01,BA,210.97999572753906,210.97999572753906,211.17539978027344,206.82369995117188,207.0,3343626.0
2021-11-01,BAC,47.4900016784668,47.4900016784668,48.16999816894531,47.279998779296875,48.099998474121094,13622714.0
2021-11-01,BAX,79.38999938964844,79.38999938964844,79.70999908447266,78.87000274658203,79.19999694824219,933595.0
2021-11-01,BEN,35.02410125732422,35.02410125732422,36.20000076293945,33.5,33.529998779296875,3238176.0
2021-11-01,BIIB,274.0,274.0,274.0,265.5,266.1499938964844,213968.0
2021-11-01,BIO,792.1699829101562,792.1699829101562,795.4199829101562,787.9299926757812,797.27001953125,20496.0
2021-11-01,BKNG,2460.195068359375,2460.195068359375,2483.6201171875,2420.1298828125,2420.1298828125,80502.0
2021-11-01,BLK,935.9500122070312,935.9500122070312,949.3800048828125,934.2150268554688,947.1900024414062,93822.0
2021-11-01,BLL,92.16500091552734,92.16500091552734,92.2300033569336,91.08999633789062,91.45999908447266,314062.0
2021-11-01,BMY,58.70000076293945,58.70000076293945,59.060001373291016,58.290000915527344,58.29999923706055,3043869.0
2021-11-01,BR,176.25999450683594,176.25999450683594,179.28500366210938,176.07000732421875,178.91000366210938,110109.0
2021-11-01,BXP,113.22000122070312,113.22000122070312,114.4000015258789,112.62999725341797,114.2300033569336,96786.0
2021-11-01,CAG,32.47999954223633,32.47999954223633,32.4900016784668,32.11000061035156,32.220001220703125,516946.0
2021-11-01,CARR,52.15999984741211,52.15999984741211,52.650001525878906,51.86000061035156,52.349998474121094,709578.0
2021-11-01,CAT,205.1300048828125,205.1300048828125,206.08999633789062,203.80999755859375,204.2899932861328,1520748.0
2021-11-01,CB,193.39999389648438,193.39999389648438,197.9199981689453,193.25999450683594,196.89999389648438,225270.0
2021-11-01,CCL,22.666799545288086,22.666799545288086,22.699899673461914,22.010000228881836,22.299999237060547,9940447.0
2021-11-01,CDAY,126.04000091552734,126.04000091552734,126.16999816894531,124.51000213623047,125.05000305175781,295239.0
2021-11-01,CDNS,173.22000122070312,173.22000122070312,174.7899932861328,173.0,174.0,343984.0
2021-11-01,CE,162.77000427246094,162.77000427246094,163.56500244140625,161.22999572753906,161.80999755859375,193998.0
2021-11-01,CERN,75.76000213623047,75.76000213623047,76.3499984741211,73.80000305175781,74.20999908447266,844066.0
2021-11-01,CF,57.9900016784668,57.9900016784668,58.2599983215332,56.9900016784668,57.06999969482422,651774.0
2021-11-01,CHRW,96.77999877929688,96.77999877929688,97.93000030517578,96.41999816894531,97.48999786376953,319608.0
2021-11-01,CHTR,671.6199951171875,671.6199951171875,677.6950073242188,666.0800170898438,675.0,456653.0
2021-11-01,CI,214.9499969482422,214.9499969482422,217.5,213.82000732421875,213.82000732421875,671691.0
2021-11-01,CL,75.98999786376953,75.98999786376953,76.5999984741211,75.88500213623047,75.98999786376953,1534211.0
2021-11-01,CLX,163.25999450683594,163.25999450683594,164.12399291992188,162.41000366210938,162.67999267578125,308251.0
2021-11-01,CMA,86.71499633789062,86.71499633789062,87.06999969482422,85.7300033569336,86.11000061035156,175954.0
2021-11-01,CMCSA,52.48500061035156,52.48500061035156,52.61000061035156,51.44340133666992,51.47999954223633,6135121.0
2021-11-01,CME,218.33999633789062,218.33999633789062,221.64999389648438,217.6875,221.64999389648438,152637.0
2021-11-01,CMG,1791.405029296875,1791.405029296875,1798.989990234375,1778.219970703125,1784.5400390625,45792.0
2021-11-01,CMS,60.119998931884766,60.119998931884766,60.459999084472656,59.994998931884766,60.349998474121094,196557.0
2021-11-01,CNP,26.1200008392334,26.1200008392334,26.225000381469727,26.040000915527344,26.1200008392334,622435.0
2021-11-01,COO,420.4200134277344,420.4200134277344,421.6199951171875,416.69000244140625,417.19000244140625,33224.0
2021-11-01,COP,74.66000366210938,74.66000366210938,75.41000366210938,74.41999816894531,74.94999694824219,4436592.0
2021-11-01,CPRT,154.31500244140625,154.31500244140625,156.17999267578125,154.27000427246094,155.8699951171875,137224.0
2021-11-01,CRM,300.614990234375,300.614990234375,304.8599853515625,299.7200012207031,301.5,1508148.0
2021-11-01,CSCO,55.66999816894531,55.66999816894531,56.029998779296875,55.5,55.86909866333008,3905195.0
2021-11-01,CSX,35.724998474121094,35.724998474121094,36.189998626708984,35.650001525878906,36.13999938964844,3456857.0
2021-11-01,CTLT,138.72000122070312,138.72000122070312,140.1199951171875,138.17550659179688,138.1999969482422,209221.0
2021-11-01,CTVA,43.119998931884766,43.119998931884766,43.43000030517578,42.869998931884766,43.16999816894531,422814.0
2021-11-01,CVS,90.69999694824219,90.69999694824219,90.9446029663086,89.5999984741211,89.7699966430664,2445735.0
2021-11-01,CVX,114.55500030517578,114.55500030517578,115.08999633789062,114.05000305175781,115.02999877929688,3600861.0
2021-11-01,DAL,39.88999938964844,39.88999938964844,40.03499984741211,38.90999984741211,39.150001525878906,4168249.0
2021-11-01,DD,71.20999908447266,71.20999908447266,71.22000122070312,69.66000366210938,69.88999938964844,599935.0
2021-11-01,DE,360.7799987792969,360.7799987792969,360.7900085449219,346.32501220703125,347.1199951171875,856172.0
2021-11-01,DFS,114.73999786376953,114.73999786376953,115.54000091552734,114.20999908447266,114.5,636820.0
2021-11-01,DG,221.7100067138672,221.7100067138672,222.47999572753906,220.8800048828125,222.2100067138672,173091.0
2021-11-01,DGX,145.85499572753906,145.85499572753906,148.27000427246094,145.61000061035156,146.6999969482422,297692.0
2021-11-01,DHI,89.30999755859375,89.30999755859375,89.87999725341797,88.1500015258789,89.33000183105469,418339.0
2021-11-01,DHR,309.635009765625,309.635009765625,314.9800109863281,308.80999755859375,312.8999938964844,399923.0
2021-11-01,DIS,170.02000427246094,170.02000427246094,171.24000549316406,169.10000610351562,169.2100067138672,2640162.0
2021-11-01,DISCA,24.614999771118164,24.614999771118164,24.6200008392334,23.559999465942383,23.69499969482422,2703357.0
2021-11-01,DOV,168.49000549316406,168.49000549316406,170.05999755859375,167.94000244140625,169.3000030517578,65546.0
2021-11-01,DOW,57.459999084472656,57.459999084472656,57.46969985961914,56.0099983215332,56.0099983215332,1677247.0
2021-11-01,DRE,55.220001220703125,55.220001220703125,56.40999984741211,55.08000183105469,56.540000915527344,305831.0
2021-11-01,DRI,146.1999969482422,146.1999969482422,146.52999877929688,144.44000244140625,144.47000122070312,174135.0
2021-11-01,DTE,112.45999908447266,112.45999908447266,113.30999755859375,112.22000122070312,113.45999908447266,126682.0
2021-11-01,DUK,101.58000183105469,101.58000183105469,102.08999633789062,101.45999908447266,102.12999725341797,327272.0
2021-11-01,DVA,104.81800079345703,104.81800079345703,106.30000305175781,103.0000991821289,103.01000213623047,201561.0
2021-11-01,DVN,42.15999984741211,42.15999984741211,42.400001525878906,40.82500076293945,41.029998779296875,5468386.0
2021-11-01,DXC,33.7599983215332,33.7599983215332,33.849998474121094,32.83000183105469,32.83000183105469,425678.0
2021-11-01,DXCM,628.219970703125,628.219970703125,633.49072265625,612.5599975585938,627.27001953125,234820.0
2021-11-01,ECL,222.74000549316406,222.74000549316406,226.1999969482422,222.25,223.36000061035156,359504.0
2021-11-01,ED,75.7300033569336,75.7300033569336,76.2699966430664,75.16000366210938,75.4000015258789,340581.0
2021-11-01,EFX,276.67498779296875,276.67498779296875,279.4599914550781,275.875,278.75,137976.0
2021-11-01,EIX,62.939998626708984,62.939998626708984,63.189998626708984,62.72999954223633,62.959999084472656,366224.0
2021-11-01,EL,321.6000061035156,321.6000061035156,328.18499755859375,321.260009765625,326.5,335447.0
2021-11-01,EMR,97.52999877929688,97.52999877929688,98.42500305175781,97.25,97.80999755859375,537073.0
2021-11-01,ENPH,234.9499969482422,234.9499969482422,239.88999938964844,232.30999755859375,233.0399932861328,991573.0
2021-11-01,EQIX,821.6799926757812,821.6799926757812,836.7000122070312,821.1400146484375,836.7000122070312,53653.0
2021-11-01,ES,84.625,84.625,85.11000061035156,84.54000091552734,84.9000015258789,108609.0
2021-11-01,ESS,331.6300048828125,331.6300048828125,340.989990234375,330.489990234375,341.3800048828125,53505.0
2021-11-01,ETN,164.02999877929688,164.02999877929688,165.94439697265625,163.25999450683594,165.1999969482422,259511.0
2021-11-01,ETR,103.12000274658203,103.12000274658203,103.30000305175781,102.70999908447266,102.98999786376953,318789.0
2021-11-01,ETSY,245.32650756835938,245.32650756835938,251.99000549316406,240.82000732421875,250.94000244140625,684762.0
2021-11-01,EVRG,63.900001525878906,63.900001525878906,64.23500061035156,63.599998474121094,63.75,136904.0
2021-11-01,EW,115.48999786376953,115.48999786376953,120.52999877929688,115.23999786376953,120.41000366210938,844633.0
2021-11-01,EXPE,167.0,167.0,168.75999450683594,164.77000427246094,165.78500366210938,435928.0
2021-11-01,EXR,192.77999877929688,192.77999877929688,198.0,192.22999572753906,197.82000732421875,146666.0
2021-11-01,FANG,110.83999633789062,110.83999633789062,111.87000274658203,109.3499984741211,109.82499694824219,1084802.0
2021-11-01,FAST,56.76499938964844,56.76499938964844,57.33000183105469,56.69499969482422,57.189998626708984,502379.0
2021-11-01,FB,330.4800109863281,330.4800109863281,333.45001220703125,326.0799865722656,326.0400085449219,12403095.0
2021-11-01,FCX,38.19499969482422,38.19499969482422,38.19499969482422,37.599998474121094,37.779998779296875,3070900.0
2021-11-01,FDX,235.1999969482422,235.1999969482422,237.4499969482422,234.69000244140625,237.27999877929688,455272.0
2021-11-01,FE,38.36000061035156,38.36000061035156,38.619998931884766,38.22999954223633,38.59000015258789,622780.0
2021-11-01,FFIV,215.61500549316406,215.61500549316406,217.3699951171875,209.42999267578125,210.55999755859375,166524.0
2021-11-01,FIS,113.87999725341797,113.87999725341797,114.58000183105469,110.51000213623047,110.7699966430664,1498233.0
2021-11-01,FITB,44.15999984741211,44.15999984741211,44.255001068115234,43.88999938964844,43.93000030517578,675011.0
2021-11-01,FLT,251.0800018310547,251.0800018310547,251.97999572753906,247.3699951171875,247.8699951171875,169356.0
2021-11-01,FMC,92.73999786376953,92.73999786376953,92.73999786376953,90.87000274658203,91.55999755859375,209649.0
2021-11-01,FOX,37.85499954223633,37.85499954223633,37.85499954223633,37.060001373291016,37.060001373291016,226748.0
2021-11-01,FTNT,327.44000244140625,327.44000244140625,337.989990234375,326.5,336.3399963378906,289530.0
2021-11-01,FTV,75.97000122070312,75.97000122070312,76.61000061035156,75.5199966430664,75.72000122070312,537635.0
2021-11-01,GILD,65.7300033569336,65.7300033569336,65.73999786376953,64.68000030517578,64.81999969482422,2138922.0
2021-11-01,GIS,62.08000183105469,62.08000183105469,62.36000061035156,61.81999969482422,61.81999969482422,546164.0
2021-11-01,GL,91.01000213623047,91.01000213623047,91.13999938964844,89.63999938964844,89.37000274658203,74876.0
2021-11-01,GLW,36.11000061035156,36.11000061035156,36.255001068115234,35.53300094604492,35.58000183105469,994603.0
2021-11-01,GM,54.900001525878906,54.900001525878906,55.0,54.43000030517578,54.849998474121094,3506950.0
2021-11-01,GOOGL,2910.25,2910.25,2960.919921875,2901.570068359375,2960.919921875,813932.0
2021-11-01,GPC,130.82000732421875,130.82000732421875,131.92999267578125,130.5800018310547,131.92999267578125,90280.0
2021-11-01,GPN,145.5800018310547,145.5800018310547,145.9499969482422,142.52999877929688,143.47999572753906,1142778.0
2021-11-01,GRMN,141.72999572753906,141.72999572753906,144.77000427246094,141.3000030517578,144.47999572753906,243675.0
2021-11-01,GWW,463.3800048828125,463.3800048828125,472.0350036621094,462.04998779296875,465.0,69042.0
2021-11-01,HAS,95.69999694824219,95.69999694824219,96.05000305175781,94.81500244140625,95.87999725341797,252025.0
2021-11-01,HBAN,15.954999923706055,15.954999923706055,16.0049991607666,15.805000305175781,15.859999656677246,2666317.0
2021-11-01,HCA,251.77999877929688,251.77999877929688,253.00750732421875,250.9199981689453,251.3300018310547,204023.0
2021-11-01,HD,369.1099853515625,369.1099853515625,373.57000732421875,368.3699951171875,373.0,757511.0
2021-11-01,HES,84.31999969482422,84.31999969482422,84.75,83.38999938964844,83.87999725341797,401263.0
2021-11-01,HLT,143.75,143.75,144.7899932861328,143.25999450683594,144.3000030517578,973226.0
2021-11-01,HOLX,71.61000061035156,71.61000061035156,72.94999694824219,71.58000183105469,72.83999633789062,420703.0
2021-11-01,HPE,14.930000305175781,14.930000305175781,14.997200012207031,14.695300102233887,14.729999542236328,2166712.0
2021-11-01,HPQ,30.940000534057617,30.940000534057617,30.959999084472656,30.364999771118164,30.420000076293945,1570167.0
2021-11-01,HST,17.059999465942383,17.059999465942383,17.174999237060547,16.700000762939453,16.809999465942383,1253046.0
2021-11-01,HSY,174.8000030517578,174.8000030517578,176.02000427246094,173.9600067138672,175.39999389648438,139573.0
2021-11-01,HUM,461.05999755859375,461.05999755859375,466.5199890136719,459.510009765625,465.32000732421875,214898.0
2021-11-01,HWM,29.895000457763672,29.895000457763672,29.899999618530273,29.6299991607666,29.68000030517578,274118.0
2021-11-01,IBM,125.43000030517578,125.43000030517578,125.47000122070312,123.8375015258789,125.05000305175781,1937616.0
2021-11-01,IDXX,661.1900024414062,661.1900024414062,670.9249877929688,660.8699951171875,665.0800170898438,121298.0
2021-11-01,IEX,222.02999877929688,222.02999877929688,224.47500610351562,221.2100067138672,222.99000549316406,60624.0
2021-11-01,IFF,145.3699951171875,145.3699951171875,147.97610473632812,145.1199951171875,147.50999450683594,164471.0
2021-11-01,ILMN,417.2799987792969,417.2799987792969,419.7699890136719,415.3500061035156,415.4800109863281,111460.0
2021-11-01,INCY,68.98999786376953,68.98999786376953,69.0,66.80000305175781,66.81999969482422,922709.0
2021-11-01,INFO,127.43499755859375,127.43499755859375,131.3300018310547,126.53500366210938,130.89999389648438,528438.0
2021-11-01,INTC,49.369998931884766,49.369998931884766,49.59000015258789,49.0,49.400001525878906,9527528.0
2021-11-01,IP,49.06999969482422,49.06999969482422,49.22999954223633,48.52000045776367,48.86000061035156,1039339.0
2021-11-01,IPG,36.54499816894531,36.54499816894531,36.97999954223633,36.505001068115234,36.93000030517578,687355.0
2021-11-01,IRM,44.999698638916016,44.999698638916016,45.900001525878906,44.939998626708984,45.68000030517578,279896.0
2021-11-01,IT,327.1300048828125,327.1300048828125,332.989990234375,325.510009765625,331.8900146484375,144142.0
2021-11-01,ITW,226.54010009765625,226.54010009765625,228.83999633789062,225.4199981689453,228.2100067138672,290770.0
2021-11-01,IVZ,26.25,26.25,26.520000457763672,25.6299991607666,25.6299991607666,1268762.0
2021-11-01,J,141.24000549316406,141.24000549316406,141.77999877929688,140.3800048828125,141.33999633789062,78657.0
2021-11-01,JCI,73.62000274658203,73.62000274658203,73.6500015258789,72.93000030517578,73.30000305175781,909245.0
2021-11-01,JKHY,166.23500061035156,166.23500061035156,167.4149932861328,165.7899932861328,166.60000610351562,67530.0
2021-11-01,JNPR,29.940000534057617,29.940000534057617,29.94499969482422,29.40999984741211,29.459999084472656,593273.0
2021-11-01,K,61.880001068115234,61.880001068115234,61.90999984741211,61.314998626708984,61.40999984741211,289006.0
2021-11-01,KEY,23.604999542236328,23.604999542236328,23.655000686645508,23.43000030517578,23.510000228881836,979532.0
2021-11-01,KIM,22.584999084472656,22.584999084472656,22.760000228881836,22.454999923706055,22.709999084472656,857601.0
2021-11-01,KMI,16.934999465942383,16.934999465942383,16.939899444580078,16.709999084472656,16.850000381469727,4360399.0
2021-11-01,KMX,137.3300018310547,137.3300018310547,138.33299255371094,136.8300018310547,138.05999755859375,428795.0
2021-11-01,KO,56.095001220703125,56.095001220703125,56.400001525878906,55.900001525878906,56.38999938964844,3717859.0
2021-11-01,LEG,47.529998779296875,47.529998779296875,47.540000915527344,46.869998931884766,47.0,155642.0
2021-11-01,LEN,100.58000183105469,100.58000183105469,100.80999755859375,99.16000366210938,100.06999969482422,247964.0
2021-11-01,LH,286.364990234375,286.364990234375,290.57000732421875,285.510009765625,287.1499938964844,158143.0
2021-11-01,LIN,322.8725891113281,322.8725891113281,322.8725891113281,320.4800109863281,321.4200134277344,310427.0
2021-11-01,LKQ,55.349998474121094,55.349998474121094,56.07569885253906,55.189998626708984,55.540000915527344,305427.0
2021-11-01,LMT,331.3900146484375,331.3900146484375,332.80999755859375,330.07000732421875,330.4700012207031,414067.0
2021-11-01,LNC,73.55000305175781,73.55000305175781,73.62470245361328,72.53500366210938,73.02999877929688,335481.0
2021-11-01,LNT,56.279998779296875,56.279998779296875,56.7400016784668,56.06999969482422,56.52000045776367,215876.0
2021-11-01,LOW,233.00999450683594,233.00999450683594,235.89999389648438,231.5850067138672,235.0,1190242.0
2021-11-01,LRCX,568.9937133789062,568.9937133789062,570.3049926757812,561.3599853515625,565.0,358451.0
2021-11-01,LUV,48.13719940185547,48.13719940185547,48.16999816894531,47.060001373291016,47.34000015258789,2100069.0
2021-11-01,LVS,40.060001373291016,40.060001373291016,40.23500061035156,38.34000015258789,38.880001068115234,1983462.0
2021-11-01,LW,57.36000061035156,57.36000061035156,57.560001373291016,56.54499816894531,56.540000915527344,139293.0
2021-11-01,LYB,94.3499984741211,94.3499984741211,94.69000244140625,92.95999908447266,92.80999755859375,502709.0
2021-11-01,LYV,104.2300033569336,104.2300033569336,104.26000213623047,101.69999694824219,101.8499984741211,335750.0
2021-11-01,MAA,197.96400451660156,197.96400451660156,204.5800018310547,197.3800048828125,204.61000061035156,118148.0
2021-11-01,MAR,161.2949981689453,161.2949981689453,161.9499969482422,159.2899932861328,160.39999389648438,466164.0
2021-11-01,MAS,65.06999969482422,65.06999969482422,65.79000091552734,64.91999816894531,65.69000244140625,193288.0
2021-11-01,MCHP,77.0,77.0,77.48999786376953,74.4800033569336,74.5999984741211,1736004.0
2021-11-01,MCK,208.94000244140625,208.94000244140625,210.64999389648438,207.7904052734375,208.5800018310547,238596.0
2021-11-01,MCO,399.2167053222656,399.2167053222656,407.94000244140625,394.739990234375,406.82000732421875,132918.0
2021-11-01,MDT,120.51180267333984,120.51180267333984,121.04000091552734,120.01000213623047,120.13999938964844,622055.0
2021-11-01,MET,63.38999938964844,63.38999938964844,63.683998107910156,63.040000915527344,63.34000015258789,1142310.0
2021-11-01,MGM,48.11690139770508,48.11690139770508,48.38999938964844,47.08000183105469,47.439998626708984,1494851.0
2021-11-01,MHK,180.08999633789062,180.08999633789062,180.55999755859375,176.72999572753906,176.75999450683594,257859.0
2021-11-01,MKC,80.5,80.5,80.55500030517578,80.11609649658203,80.02999877929688,215073.0
2021-11-01,MKTX,407.3699951171875,407.3699951171875,410.69500732421875,405.45001220703125,408.7900085449219,27732.0
2021-11-01,MMC,162.6999969482422,162.6999969482422,167.4221954345703,162.5,167.0,405190.0
2021-11-01,MO,44.18000030517578,44.18000030517578,44.279998779296875,43.93000030517578,44.209999084472656,3154067.0
2021-11-01,MPC,67.13999938964844,67.13999938964844,67.40499877929688,66.43000030517578,66.47000122070312,1159459.0
2021-11-01,MPWR,522.2899780273438,522.2899780273438,534.989990234375,520.6500244140625,527.2999877929688,121889.0
2021-11-01,MRK,87.81999969482422,87.81999969482422,88.62999725341797,87.29000091552734,88.05000305175781,3107192.0
2021-11-01,MSCI,651.344970703125,651.344970703125,669.0499877929688,647.655029296875,668.9400024414062,57354.0
2021-11-01,MSFT,326.6864013671875,326.6864013671875,331.489990234375,326.3699951171875,331.3550109863281,9908956.0
2021-11-01,MSI,246.96499633789062,246.96499633789062,248.1699981689453,246.63999938964844,248.1699981689453,62599.0
2021-11-01,MTB,151.64999389648438,151.64999389648438,152.05999755859375,148.5399932861328,149.02999877929688,204557.0
2021-11-01,MTD,1446.7850341796875,1446.7850341796875,1482.2550048828125,1446.7099609375,1484.1099853515625,21549.0
2021-11-01,MU,70.08499908447266,70.08499908447266,70.69999694824219,68.94000244140625,68.97000122070312,4726348.0
2021-11-01,NCLH,26.514999389648438,26.514999389648438,26.6200008392334,25.55900001525879,25.860000610351562,4621991.0
2021-11-01,NDAQ,208.3000030517578,208.3000030517578,211.60000610351562,207.57000732421875,211.02999877929688,169049.0
2021-11-01,NI,24.729000091552734,24.729000091552734,24.80500030517578,24.600000381469727,24.649999618530273,716468.0
2021-11-01,NLOK,25.600000381469727,25.600000381469727,25.68000030517578,25.280000686645508,25.489999771118164,540549.0
2021-11-01,NLSN,20.8700008392334,20.8700008392334,20.875,20.260000228881836,20.350000381469727,938204.0
2021-11-01,NTRS,124.0199966430664,124.0199966430664,124.58000183105469,123.40519714355469,123.9000015258789,88117.0
2021-11-01,NUE,108.76000213623047,108.76000213623047,112.8844985961914,106.80000305175781,112.87000274658203,1802868.0
2021-11-01,NVDA,255.9199981689453,255.9199981689453,257.8319091796875,252.281005859375,256.489990234375,10468844.0
2021-11-01,NWL,23.264999389648438,23.264999389648438,23.690000534057617,22.90999984741211,23.649999618530273,1264669.0
2021-11-01,NWS,22.860000610351562,22.860000610351562,22.979999542236328,22.649999618530273,22.690000534057617,435769.0
2021-11-01,NWSA,23.290000915527344,23.290000915527344,23.31999969482422,22.950000762939453,22.989999771118164,2628654.0
2021-11-01,NXPI,204.0800018310547,204.0800018310547,205.3000030517578,202.5500030517578,202.6199951171875,876914.0
2021-11-01,O,69.6500015258789,69.6500015258789,71.25,69.37999725341797,71.0,1733065.0
2021-11-01,OGN,36.94499969482422,36.94499969482422,37.040000915527344,36.5,36.70000076293945,252884.0
2021-11-01,OKE,64.08999633789062,64.08999633789062,64.2699966430664,63.5,64.0,432058.0
2021-11-01,OMC,69.06999969482422,69.06999969482422,69.13999938964844,68.57499694824219,68.66999816894531,227057.0
2021-11-01,ORCL,94.26000213623047,94.26000213623047,96.04000091552734,94.0250015258789,96.0,1887544.0
2021-11-01,OXY,34.29999923706055,34.29999923706055,34.560001373291016,33.709999084472656,34.31999969482422,5013129.0
2021-11-01,PAYC,546.1900024414062,546.1900024414062,553.760009765625,543.1900024414062,547.9299926757812,141145.0
2021-11-01,PAYX,121.5199966430664,121.5199966430664,123.27999877929688,121.2699966430664,123.27999877929688,227432.0
2021-11-01,PBCT,17.665000915527344,17.665000915527344,17.71500015258789,17.280000686645508,17.31999969482422,1313321.0
2021-11-01,PEG,63.775001525878906,63.775001525878906,63.970001220703125,63.45000076293945,63.65999984741211,225903.0
2021-11-01,PEP,160.60499572753906,160.60499572753906,161.5,160.17999267578125,161.1999969482422,550404.0
2021-11-01,PFE,43.81999969482422,43.81999969482422,44.290000915527344,43.439998626708984,44.13999938964844,11872013.0
2021-11-01,PFG,67.7300033569336,67.7300033569336,68.05999755859375,67.38999938964844,67.54000091552734,227042.0
2021-11-01,PG,142.9600067138672,142.9600067138672,143.8000030517578,142.64999389648438,143.36000061035156,1343073.0
2021-11-01,PH,299.1499938964844,299.1499938964844,300.41461181640625,295.9700012207031,297.3399963378906,112922.0
2021-11-01,PNC,211.6999969482422,211.6999969482422,213.42999267578125,211.47000122070312,212.97000122070312,374446.0
2021-11-01,PNW,65.45999908447266,65.45999908447266,65.68000030517578,64.30000305175781,64.54000091552734,230769.0
2021-11-01,PPL,28.920000076293945,28.920000076293945,29.030000686645508,28.719999313354492,28.850000381469727,1490109.0
2021-11-01,PSA,324.57000732421875,324.57000732421875,333.79998779296875,323.44000244140625,332.6600036621094,104652.0
2021-11-01,PTC,127.0,127.0,128.80999755859375,126.86000061035156,127.55999755859375,188241.0
2021-11-01,PVH,112.03500366210938,112.03500366210938,112.25,110.83000183105469,109.80999755859375,150336.0
2021-11-01,PXD,189.8300018310547,189.8300018310547,190.9600067138672,189.13999938964844,189.99000549316406,300989.0
2021-11-01,PYPL,230.89999389648438,230.89999389648438,233.5500030517578,230.41000366210938,232.6999969482422,4448279.0
2021-11-01,QCOM,132.97999572753906,132.97999572753906,133.88890075683594,132.44000244140625,132.44000244140625,1956766.0
2021-11-01,QRVO,170.39999389648438,170.39999389648438,170.86000061035156,167.6300048828125,168.49000549316406,292800.0
2021-11-01,RCL,86.98999786376953,86.98999786376953,87.33999633789062,83.95999908447266,84.43000030517578,1008451.0
2021-11-01,RE,265.2875061035156,265.2875061035156,267.54998779296875,262.8399963378906,263.9100036621094,52175.0
2021-11-01,REG,70.22000122070312,70.22000122070312,70.44999694824219,69.58999633789062,70.41000366210938,78959.0
2021-11-01,REGN,645.385009765625,645.385009765625,648.0650024414062,637.1500244140625,640.0,237919.0
2021-11-01,RF,24.094999313354492,24.094999313354492,24.1299991607666,23.8700008392334,23.90999984741211,1353637.0
2021-11-01,RHI,113.44499969482422,113.44499969482422,114.22000122070312,113.19999694824219,113.55000305175781,117242.0
2021-11-01,RJF,98.97000122070312,98.97000122070312,100.0199966430664,98.91000366210938,99.41999816894531,106718.0
2021-11-01,RL,129.36000061035156,129.36000061035156,130.5,127.79499816894531,127.83000183105469,416899.0
2021-11-01,RMD,262.70001220703125,262.70001220703125,266.17999267578125,262.0,264.45001220703125,113892.0
2021-11-01,ROK,318.2200012207031,318.2200012207031,321.8999938964844,317.17498779296875,319.8800048828125,154217.0
2021-11-01,ROL,34.40999984741211,34.40999984741211,35.34000015258789,34.2599983215332,35.2400016784668,349832.0
2021-11-01,ROST,114.13999938964844,114.13999938964844,114.52999877929688,112.61000061035156,113.05000305175781,271092.0
2021-11-01,RTX,88.2699966430664,88.2699966430664,89.19000244140625,87.95999908447266,88.91000366210938,1195627.0
2021-11-01,SBUX,109.52999877929688,109.52999877929688,110.12000274658203,107.19999694824219,107.2249984741211,6673250.0
2021-11-01,SCHW,81.83000183105469,81.83000183105469,82.73999786376953,81.69999694824219,82.55000305175781,1049144.0
2021-11-01,SEE,58.290000915527344,58.290000915527344,59.58000183105469,58.220001220703125,59.40999984741211,324894.0
2021-11-01,SIVB,727.22998046875,727.22998046875,728.635009765625,719.0150146484375,724.1900024414062,86333.0
2021-11-01,SJM,122.9000015258789,122.9000015258789,123.16999816894531,122.30000305175781,122.69999694824219,276877.0
2021-11-01,SLB,33.36199951171875,33.36199951171875,33.39500045776367,32.58000183105469,32.75,2507922.0
2021-11-01,SNA,204.14999389648438,204.14999389648438,205.4499969482422,203.5500030517578,203.91000366210938,47459.0
2021-11-01,SNPS,332.7099914550781,332.7099914550781,335.7300109863281,331.9200134277344,333.45001220703125,108659.0
2021-11-01,SPGI,464.06500244140625,464.06500244140625,477.4599914550781,460.3800048828125,474.1199951171875,319875.0
2021-11-01,SRE,128.02999877929688,128.02999877929688,128.67999267578125,127.62999725341797,127.88999938964844,167920.0
2021-11-01,STZ,219.61000061035156,219.61000061035156,219.75999450683594,216.6199951171875,216.91000366210938,94184.0
2021-11-01,SWKS,168.1999969482422,168.1999969482422,169.25,166.89999389648438,167.30999755859375,241804.0
2021-11-01,SYF,47.244998931884766,47.244998931884766,47.31999969482422,46.83000183105469,46.83000183105469,1357251.0
2021-11-01,SYY,78.15499877929688,78.15499877929688,78.33999633789062,77.11000061035156,77.20999908447266,300765.0
2021-11-01,T,25.450000762939453,25.450000762939453,25.579999923706055,25.349000930786133,25.459999084472656,13851630.0
2021-11-01,TAP,44.84000015258789,44.84000015258789,44.84870147705078,43.86000061035156,44.11000061035156,318814.0
2021-11-01,TDG,627.1649780273438,627.1649780273438,629.3900146484375,623.9349975585938,624.0900268554688,39447.0
2021-11-01,TDY,442.04998779296875,442.04998779296875,448.2900085449219,439.7300109863281,448.760009765625,44437.0
2021-11-01,TECH,526.1900024414062,526.1900024414062,531.7999877929688,522.8400268554688,525.0,42238.0
2021-11-01,TGT,258.9150085449219,258.9150085449219,261.7799987792969,258.32000732421875,261.54998779296875,505145.0
2021-11-01,TMO,631.5499877929688,631.5499877929688,638.719970703125,629.2423706054688,632.3499755859375,402575.0
2021-11-01,TMUS,115.73999786376953,115.73999786376953,116.38999938964844,114.88999938964844,114.98999786376953,1121125.0
2021-11-01,TPR,39.36000061035156,39.36000061035156,39.38999938964844,38.70000076293945,38.88999938964844,1226356.0
2021-11-01,TRMB,87.5199966430664,87.5199966430664,88.19999694824219,87.08000183105469,87.41000366210938,136246.0
2021-11-01,TROW,214.50999450683594,214.50999450683594,220.39999389648438,214.19000244140625,218.2100067138672,274397.0
2021-11-01,TRV,160.47999572753906,160.47999572753906,162.25999450683594,159.08999633789062,161.25,256817.0
2021-11-01,TSLA,1151.93994140625,1151.93994140625,1154.239990234375,1118.6600341796875,1145.0,19190173.0
2021-11-01,TT,181.1699981689453,181.1699981689453,181.74000549316406,179.6300048828125,181.44000244140625,229697.0
2021-11-01,TYL,539.4749755859375,539.4749755859375,544.1400146484375,538.6500244140625,543.0,61336.0
2021-11-01,UA,19.125,19.125,19.290000915527344,18.90999984741211,18.959999084472656,609716.0
2021-11-01,UAA,22.145000457763672,22.145000457763672,22.43000030517578,21.940000534057617,22.0,1540965.0
2021-11-01,UAL,47.33089828491211,47.33089828491211,47.459999084472656,45.81999969482422,46.18000030517578,4307297.0
2021-11-01,UNP,238.3000030517578,238.3000030517578,242.27000427246094,237.66000366210938,242.16000366210938,534526.0
2021-11-01,UPS,210.97000122070312,210.97000122070312,214.86000061035156,210.57000732421875,214.86000061035156,424724.0
2021-11-01,URI,381.6050109863281,381.6050109863281,384.9150085449219,379.42999267578125,380.5,162252.0
2021-11-01,USB,60.5099983215332,60.5099983215332,61.08000183105469,60.31999969482422,60.93000030517578,712659.0
2021-11-01,VFC,73.36499786376953,73.36499786376953,73.66999816894531,72.79000091552734,72.83999633789062,323284.0
2021-11-01,VIAC,37.5,37.5,37.507598876953125,36.369998931884766,36.5,3003038.0
2021-11-01,VLO,78.40499877929688,78.40499877929688,78.91999816894531,77.44999694824219,77.98999786376953,933640.0
2021-11-01,VMC,188.77000427246094,188.77000427246094,191.41000366210938,186.7550048828125,191.0,133351.0
2021-11-01,VNO,43.0,43.0,43.58000183105469,42.810001373291016,42.86000061035156,321346.0
2021-11-01,VRSK,208.64999389648438,208.64999389648438,211.3300018310547,208.43499755859375,210.3000030517578,231844.0
2021-11-01,VRSN,220.36000061035156,220.36000061035156,222.3800048828125,220.0399932861328,222.22000122070312,105588.0
2021-11-01,VRTX,186.4199981689453,186.4199981689453,186.5,183.41000366210938,184.17999267578125,269286.0
2021-11-01,WAB,91.4000015258789,91.4000015258789,91.75,91.08999633789062,91.1500015258789,117291.0
2021-11-01,WAT,365.30999755859375,365.30999755859375,369.8699951171875,364.7300109863281,367.7099914550781,89656.0
2021-11-01,WBA,47.625,47.625,47.68000030517578,46.84000015258789,47.099998474121094,1604863.0
2021-11-01,WEC,89.69499969482422,89.69499969482422,90.29000091552734,89.29000091552734,89.97000122070312,135478.0
2021-11-01,WHR,213.49000549316406,213.49000549316406,213.5399932861328,210.86000061035156,211.6699981689453,161676.0
2021-11-01,WLTW,234.80999755859375,234.80999755859375,244.77999877929688,233.55999755859375,242.22999572753906,428124.0
2021-11-01,WMB,28.334999084472656,28.334999084472656,28.43000030517578,28.209999084472656,28.31999969482422,1258263.0
2021-11-01,WMT,149.77000427246094,149.77000427246094,150.75,149.36000061035156,149.97999572753906,1316312.0
2021-11-01,WRK,47.61000061035156,47.61000061035156,47.72999954223633,46.58000183105469,46.540000915527344,533331.0
2021-11-01,WU,18.760000228881836,18.760000228881836,18.770000457763672,18.229999542236328,18.31999969482422,907961.0
2021-11-01,WY,36.560001373291016,36.560001373291016,36.93000030517578,35.900001525878906,35.959999084472656,1179932.0
2021-11-01,WYNN,92.53990173339844,92.53990173339844,93.05000305175781,89.05000305175781,90.0,1071254.0
2021-11-01,XLNX,180.0,180.0,180.7899932861328,176.5800018310547,179.6699981689453,480495.0
2021-11-01,XYL,129.13999938964844,129.13999938964844,131.86000061035156,128.86000061035156,131.0399932861328,121395.0
2021-11-01,YUM,125.95500183105469,125.95500183105469,126.94000244140625,125.33999633789062,125.54000091552734,251331.0
2021-11-01,ZBH,145.76499938964844,145.76499938964844,146.25,143.1300048828125,143.5399932861328,194937.0
2021-11-01,ZBRA,534.7000122070312,534.7000122070312,537.5,532.7999877929688,533.4500122070312,71092.0
2021-11-01,ZION,64.58999633789062,64.58999633789062,64.70999908447266,63.40999984741211,63.54999923706055,331842.0
2021-11-01,ZTS,214.9199981689453,214.9199981689453,217.61000061035156,214.3800048828125,215.82000732421875,248979.0
