close,low,volume,high,open,adjclose
140.38499450683594,139.55999755859375,282362,141.57000732421875,140.2100067138672,140.38499450683594
77.73999786376953,77.17500305175781,305308,79.29000091552734,77.91000366210938,77.73999786376953
18.204999923706055,17.8799991607666,22407256,18.270000457763672,17.920000076293945,18.204999923706055
21.145000457763672,20.780000686645508,499024,21.174999237060547,20.829999923706055,21.145000457763672
384.8699951171875,382.17999267578125,78620,386.989990234375,383.95001220703125,384.8699951171875
88.37000274658203,88.30000305175781,1692068,89.4197998046875,88.7699966430664,88.37000274658203
259.42999267578125,255.5,245767,261.0350036621094,258.489990234375,259.42999267578125
215.91000366210938,210.50999450683594,211829,216.5399932861328,210.5500030517578,215.91000366210938
91.19999694824219,90.58000183105469,151371,91.33999633789062,91.20999908447266,91.19999694824219
644.010009765625,632.0999755859375,124212,647.1500244140625,637.2100219726562,644.010009765625
659.8900146484375,657.8699951171875,50694,672.7739868164062,667.0599975585938,659.8900146484375
116.9000015258789,116.48999786376953,194246,120.5999984741211,119.91999816894531,116.9000015258789
676.0914916992188,672.219970703125,119940,688.3699951171875,689.0999755859375,676.0914916992188
198.19000244140625,197.75999450683594,109659,203.94000244140625,202.8699951171875,198.19000244140625
531.8499755859375,530.780029296875,26187,539.0,539.0,531.8499755859375
203.47999572753906,202.66070556640625,691965,206.5767059326172,206.25999450683594,203.47999572753906
386.69000244140625,383.05999755859375,313447,390.1499938964844,390.0,386.69000244140625
125.0199966430664,122.23999786376953,81881,125.88770294189453,123.05000305175781,125.0199966430664
24.670000076293945,23.110000610351562,2200763,24.729999542236328,23.1200008392334,24.670000076293945
109.98999786376953,109.20500183105469,337273,110.19000244140625,108.93000030517578,109.98999786376953
37.56999969482422,37.01110076904297,1299646,37.59000015258789,37.22999954223633,37.56999969482422
42.060001373291016,40.82080078125,1375390,42.16999816894531,41.11000061035156,42.060001373291016
221.0399932861328,215.08999633789062,148562,221.22500610351562,216.30999755859375,221.0399932861328
234.9499969482422,234.32000732421875,123622,236.6300048828125,237.22999572753906,234.9499969482422
214.9499969482422,206.72000122070312,833105,215.2100067138672,207.49000549316406,214.9499969482422
56.882198333740234,56.04499816894531,166811,56.882198333740234,56.349998474121094,56.882198333740234
385.79998779296875,382.4599914550781,85674,394.989990234375,392.0,385.79998779296875
233.77999877929688,231.1501007080078,555792,236.23989868164062,234.4499969482422,233.77999877929688
73.41000366210938,72.18000030517578,388177,73.41000366210938,72.37000274658203,73.41000366210938
1182.368408203125,1170.030029296875,8062259,1190.8599853515625,1177.3299560546875,1182.368408203125
338.8999938964844,336.70001220703125,745257,346.8599853515625,346.1499938964844,338.8999938964844
101.88999938964844,101.0,186635,102.23999786376953,101.37999725341797,101.88999938964844
38.11000061035156,37.779998779296875,3136645,38.6879997253418,38.63999938964844,38.11000061035156
55.20000076293945,54.55619812011719,713910,55.60499954223633,55.150001525878906,55.20000076293945
236.5,234.0,177788,240.60000610351562,239.50999450683594,236.5
344.5199890136719,342.25,88331,348.1499938964844,346.19000244140625,344.5199890136719
44.290000915527344,42.779998779296875,249349,44.38990020751953,43.25,44.290000915527344
103.55000305175781,103.16999816894531,59389,104.3324966430664,103.44000244140625,103.55000305175781
459.55499267578125,456.2300109863281,362874,480.8999938964844,478.010009765625,459.55499267578125
76.16999816894531,74.7667007446289,127013,76.27999877929688,75.2300033569336,76.16999816894531
192.5800018310547,189.49000549316406,414341,193.89999389648438,189.99000549316406,192.5800018310547
220.0399932861328,216.11000061035156,100402,220.25,216.0500030517578,220.0399932861328
168.42999267578125,167.6300048828125,290588,172.00999450683594,169.63999938964844,168.42999267578125
136.94650268554688,136.41000366210938,308777,138.97000122070312,138.3000030517578,136.94650268554688
24.780000686645508,23.760000228881836,2123383,24.860000610351562,24.399999618530273,24.780000686645508
640.2750244140625,639.0900268554688,37447,658.0700073242188,654.0,640.2750244140625
150.5850067138672,149.8300018310547,11655126,150.97000122070312,150.38999938964844,150.5850067138672
79.06999969482422,78.0,849954,79.33999633789062,78.72000122070312,79.06999969482422
195.3699951171875,194.0,85235,195.8800048828125,195.00999450683594,195.3699951171875
48.540000915527344,47.18000030517578,403568,48.5989990234375,47.08000183105469,48.540000915527344
23.940000534057617,23.049999237060547,1028918,24.0,23.5,23.940000534057617
176.68499755859375,174.0,105621,178.3300018310547,174.2100067138672,176.68499755859375
139.47999572753906,138.63999938964844,90015,141.02999877929688,140.5800018310547,139.47999572753906
409.3399963378906,406.1600036621094,64068,413.4100036621094,413.5,409.3399963378906
117.41000366210938,114.45999908447266,190025,117.41999816894531,114.45999908447266,117.41000366210938
829.6300048828125,828.1300048828125,31195,847.0,843.5,829.6300048828125
37.119998931884766,36.720001220703125,1010990,37.849998474121094,37.630001068115234,37.119998931884766
3314.56005859375,3297.52001953125,582951,3326.9052734375,3309.0,3314.56005859375
327.7799987792969,323.20001220703125,4842025,329.9100036621094,327.489990234375,327.7799987792969
36.81999969482422,36.189998626708984,500899,37.0099983215332,36.220001220703125,36.81999969482422
304.3699951171875,302.010009765625,282278,314.2449951171875,313.7099914550781,304.3699951171875
122.97000122070312,118.01000213623047,351870,123.61000061035156,117.94999694824219,122.97000122070312
572.7899780273438,569.8925170898438,122482,575.2550048828125,575.0599975585938,572.7899780273438
125.13999938964844,123.69999694824219,534786,126.08999633789062,124.0999984741211,125.13999938964844
52.189998626708984,51.02000045776367,3903147,52.209999084472656,51.040000915527344,52.189998626708984
171.5050048828125,170.0,223448,171.6699981689453,171.13999938964844,171.5050048828125
134.3300018310547,133.3000030517578,41054,134.76539611816406,133.4199981689453,134.3300018310547
140.67999267578125,139.8800048828125,647704,141.4499969482422,141.44000244140625,140.67999267578125
272.1099853515625,270.9750061035156,79209,275.6099853515625,274.82000732421875,272.1099853515625
284.3299865722656,283.4849853515625,99897,287.3299865722656,285.6700134277344,284.3299865722656
25.264999389648438,25.1200008392334,7091703,25.329999923706055,25.1200008392334,25.264999389648438
58.09000015258789,55.290000915527344,848850,58.244998931884766,56.40999984741211,58.09000015258789
125.22000122070312,125.0,79830,128.55499267578125,128.3300018310547,125.22000122070312
331.864990234375,331.3800048828125,59805,340.95001220703125,338.5199890136719,331.864990234375
276.3699951171875,270.5299987792969,163482,276.3699951171875,271.5299987792969,276.3699951171875
299.9599914550781,298.2099914550781,150052,300.489990234375,298.6199951171875,299.9599914550781
31.090599060058594,30.7549991607666,968394,31.18000030517578,30.899999618530273,31.090599060058594
173.02000427246094,170.4600067138672,210623,173.02000427246094,172.0,173.02000427246094
94.27999877929688,92.72000122070312,207624,94.41500091552734,92.80000305175781,94.27999877929688
114.48999786376953,113.94000244140625,91156,114.86000061035156,114.16999816894531,114.48999786376953
51.60499954223633,51.599998474121094,367849,52.5,51.95000076293945,51.60499954223633
72.54499816894531,72.29000091552734,609031,73.83000183105469,73.83000183105469,72.54499816894531
330.3599853515625,329.1803894042969,70535,333.29998779296875,333.29998779296875,330.3599853515625
682.0499877929688,677.27001953125,454647,683.3800048828125,677.27001953125,682.0499877929688
113.8499984741211,110.76000213623047,903913,113.92900085449219,111.61499786376953,113.8499984741211
26.427600860595703,26.06999969482422,508814,26.459999084472656,26.1299991607666,26.427600860595703
90.08999633789062,88.06999969482422,284393,90.1769027709961,88.13999938964844,90.08999633789062
538.6668701171875,537.1500244140625,35823,542.2000122070312,541.1400146484375,538.6668701171875
248.0,245.50999450683594,135140,249.14999389648438,247.19000244140625,248.0
26.520000457763672,25.789899826049805,5580562,26.81999969482422,26.350000381469727,26.520000457763672
208.10000610351562,204.25,30835,208.1300048828125,204.5,208.10000610351562
78.52999877929688,77.86000061035156,94891,79.13999938964844,78.13999938964844,78.52999877929688
99.75499725341797,98.38999938964844,120323,99.75499725341797,98.80999755859375,99.75499725341797
209.27000427246094,208.00100708007812,115998,211.8300018310547,210.58999633789062,209.27000427246094
38.77000045776367,37.099998474121094,1630946,38.97999954223633,37.70000076293945,38.77000045776367
94.6500015258789,91.91000366210938,712375,94.66999816894531,92.19999694824219,94.6500015258789
309.2799987792969,306.45001220703125,46093,309.2799987792969,305.8399963378906,309.2799987792969
175.8300018310547,173.38999938964844,125811,175.86500549316406,174.32000732421875,175.8300018310547
87.83999633789062,87.47000122070312,157531,88.63999938964844,88.45999908447266,87.83999633789062
455.2799987792969,436.5,587506,468.989990234375,436.5,455.2799987792969
5019.9892578125,4929.05029296875,1361,5019.9892578125,4910.0,5019.9892578125
44.029998779296875,42.67499923706055,491762,44.040000915527344,42.619998931884766,44.029998779296875
23.079999923706055,22.56999969482422,7263244,23.229999542236328,22.709999084472656,23.079999923706055
70.80000305175781,70.26000213623047,2602788,71.29000091552734,70.71499633789062,70.80000305175781
135.22999572753906,134.28500366210938,183486,137.5590057373047,137.22000122070312,135.22999572753906
15.440299987792969,15.120200157165527,1115326,15.444999694824219,15.180000305175781,15.440299987792969
125.06999969482422,121.16999816894531,196845,125.06999969482422,122.95999908447266,125.06999969482422
220.39999389648438,216.69000244140625,46682,220.39999389648438,216.9199981689453,220.39999389648438
92.04000091552734,90.8499984741211,62828,92.05999755859375,90.77999877929688,92.04000091552734
22.975000381469727,22.854999542236328,222407,23.209999084472656,23.06999969482422,22.975000381469727
325.70001220703125,322.30999755859375,120507,330.05999755859375,330.05999755859375,325.70001220703125
17.030000686645508,16.459999084472656,3506437,17.069000244140625,16.56999969482422,17.030000686645508
103.32499694824219,97.12000274658203,931583,103.79000091552734,97.12000274658203,103.32499694824219
472.7900085449219,469.05999755859375,24170,472.7900085449219,470.3800048828125,472.7900085449219
216.3699951171875,214.91099548339844,62774,216.6300048828125,215.8300018310547,216.3699951171875
60.0099983215332,59.61000061035156,339291,60.125,59.66999816894531,60.0099983215332
30.5,30.3799991607666,294061,30.84000015258789,30.3799991607666,30.5
169.3289031982422,168.92999267578125,55338,171.42999267578125,170.77000427246094,169.3289031982422
13.90999984741211,13.720000267028809,823664,13.920000076293945,13.800000190734863,13.90999984741211
456.260009765625,452.55999755859375,166488,460.69000244140625,458.25,456.260009765625
946.4199829101562,944.6300048828125,62926,950.8250122070312,952.1699829101562,946.4199829101562
49.36000061035156,48.599998474121094,1289426,49.56999969482422,48.91999816894531,49.36000061035156
177.94500732421875,176.60499572753906,417549,184.17999267578125,184.17999267578125,177.94500732421875
43.51919937133789,41.689998626708984,3828467,44.02000045776367,42.59000015258789,43.51919937133789
121.75,121.32499694824219,92094,122.80000305175781,121.94000244140625,121.75
162.02999877929688,158.74119567871094,664222,163.75999450683594,158.94000244140625,162.02999877929688
103.9800033569336,101.27999877929688,211345,104.31999969482422,102.0999984741211,103.9800033569336
33.29999923706055,32.189998626708984,1777144,33.349998474121094,32.560001373291016,33.29999923706055
94.44999694824219,92.69000244140625,77536,94.55000305175781,93.37000274658203,94.44999694824219
328.8900146484375,322.2149963378906,156414,336.8500061035156,336.69000244140625,328.8900146484375
76.30500030517578,73.30000305175781,262344,76.36000061035156,73.41000366210938,76.30500030517578
135.5449981689453,135.0500030517578,1227905,135.7899932861328,135.75,135.5449981689453
55.505001068115234,55.279998779296875,297246,56.33000183105469,56.02000045776367,55.505001068115234
125.55000305175781,124.52999877929688,266908,127.26000213623047,126.80000305175781,125.55000305175781
36.380001068115234,35.880001068115234,545903,36.41999816894531,35.9900016784668,36.380001068115234
299.0199890136719,298.1700134277344,102855,301.79998779296875,299.57000732421875,299.0199890136719
48.212398529052734,47.61000061035156,8701838,48.2400016784668,47.79999923706055,48.212398529052734
58.95000076293945,58.58000183105469,163756,59.220001220703125,58.630001068115234,58.95000076293945
144.08999633789062,143.13999938964844,123475,144.97000122070312,143.6699981689453,144.08999633789062
262.989990234375,262.36370849609375,7745459,267.8399963378906,266.70001220703125,262.989990234375
226.83999633789062,225.92999267578125,108150,229.3300018310547,229.75,226.83999633789062
108.8499984741211,106.51000213623047,606573,108.91999816894531,107.30999755859375,108.8499984741211
157.91000366210938,157.4149932861328,189759,159.6699981689453,158.36000061035156,157.91000366210938
249.40499877929688,247.91000366210938,279494,249.5050048828125,247.99000549316406,249.40499877929688
61.26499938964844,60.720001220703125,183808,61.29499816894531,60.91999816894531,61.26499938964844
118.05000305175781,113.33999633789062,314783,118.26000213623047,113.70999908447266,118.05000305175781
563.6400146484375,559.3300170898438,71893,580.6900024414062,580.6900024414062,563.6400146484375
194.26499938964844,192.72999572753906,71786,194.26499938964844,192.89999389648438,194.26499938964844
298.989990234375,298.1400146484375,240562,305.6000061035156,305.7799987792969,298.989990234375
166.74000549316406,165.38999938964844,68621,166.97999572753906,165.33999633789062,166.74000549316406
491.489990234375,489.760009765625,28928,503.5299987792969,502.04998779296875,491.489990234375
209.3300018310547,209.3300018310547,410229,213.0,211.91000366210938,209.3300018310547
160.83999633789062,160.08059692382812,171990,161.80999755859375,161.02999877929688,160.83999633789062
471.2699890136719,469.44000244140625,42174,479.42999267578125,477.95001220703125,471.2699890136719
65.30999755859375,63.130001068115234,1564181,65.4000015258789,63.45000076293945,65.30999755859375
46.029998779296875,45.0,774433,46.54999923706055,46.0,46.029998779296875
61.38999938964844,59.66999816894531,680401,61.41999816894531,59.70000076293945,61.38999938964844
311.510009765625,310.7200012207031,99212,314.79998779296875,314.2200012207031,311.510009765625
64.43000030517578,63.849998474121094,178501,64.46499633789062,64.02999877929688,64.43000030517578
96.91000366210938,94.73999786376953,972171,99.0,94.7699966430664,96.91000366210938
64.12000274658203,64.0,298258,64.81999969482422,64.3499984741211,64.12000274658203
56.150001525878906,55.689998626708984,181129,56.400001525878906,56.16999816894531,56.150001525878906
308.989990234375,308.0946960449219,67338,311.8900146484375,311.010009765625,308.989990234375
94.22000122070312,93.94000244140625,73980,94.75,93.79000091552734,94.22000122070312
174.27000427246094,173.6999969482422,187977,176.0800018310547,176.05499267578125,174.27000427246094
88.5999984741211,88.31999969482422,130725,89.44999694824219,88.98999786376953,88.5999984741211
177.10000610351562,175.89500427246094,257504,177.8000030517578,177.4199981689453,177.10000610351562
43.27000045776367,43.04999923706055,207641,43.380001068115234,43.040000915527344,43.27000045776367
69.80999755859375,69.16000366210938,458386,70.5199966430664,70.5199966430664,69.80999755859375
212.36500549316406,209.2100067138672,652593,212.75,212.52000427246094,212.36500549316406
341.1499938964844,336.20001220703125,1933743,350.1000061035156,350.0,341.1499938964844
128.22999572753906,125.43000030517578,109406,128.49000549316406,125.83999633789062,128.22999572753906
181.82000732421875,181.1699981689453,227635,184.74000549316406,183.5500030517578,181.82000732421875
62.81999969482422,62.63999938964844,375071,63.255001068115234,62.689998626708984,62.81999969482422
1438.1949462890625,1438.1949462890625,15870,1478.02001953125,1470.47998046875,1438.1949462890625
124.1449966430664,123.31999969482422,93140,124.29000091552734,123.38999938964844,124.1449966430664
124.12000274658203,122.96499633789062,144534,124.37030029296875,123.56999969482422,124.12000274658203
44.599998474121094,43.7400016784668,549016,44.630001068115234,43.790000915527344,44.599998474121094
631.0399780273438,628.3900146484375,224955,639.1699829101562,636.5,631.0399780273438
55.47999954223633,55.09000015258789,2177108,55.81560134887695,55.2599983215332,55.47999954223633
167.83999633789062,160.89999389648438,89488,167.91000366210938,161.3699951171875,167.83999633789062
57.72999954223633,57.22999954223633,33939,57.7599983215332,57.16999816894531,57.72999954223633
35.4900016784668,35.06999969482422,492124,35.65999984741211,35.459999084472656,35.4900016784668
170.61000061035156,169.1699981689453,1192664,170.64999389648438,170.1300048828125,170.61000061035156
88.9800033569336,86.75,603040,89.40989685058594,87.16999816894531,88.9800033569336
33.060001373291016,32.11000061035156,201732,33.08000183105469,32.7599983215332,33.060001373291016
172.0,170.0,312106,181.97999572753906,182.88999938964844,172.0
127.12000274658203,125.0,314950,127.83000183105469,125.18000030517578,127.12000274658203
356.5899963378906,355.82000732421875,139998,362.9200134277344,360.2900085449219,356.5899963378906
606.5399780273438,598.1799926757812,113588,625.739990234375,624.9000244140625,606.5399780273438
69.38069915771484,68.08999633789062,4929330,69.44000244140625,68.30000305175781,69.38069915771484
262.2200012207031,257.79998779296875,523202,262.67498779296875,257.7699890136719,262.2200012207031
516.739990234375,512.5399780273438,30192,519.0,516.9400024414062,516.739990234375
41.40999984741211,40.65999984741211,537306,41.40999984741211,41.220001220703125,41.40999984741211
238.00999450683594,237.0399932861328,562588,240.8000030517578,239.82000732421875,238.00999450683594
340.3699951171875,339.25,206460,342.86248779296875,343.0,340.3699951171875
35.439998626708984,35.279998779296875,1164166,35.779998779296875,35.73500061035156,35.439998626708984
160.97000122070312,160.0399932861328,141802,161.8000030517578,161.24000549316406,160.97000122070312
385.2200012207031,377.0,380336,408.7250061035156,409.7900085449219,385.2200012207031
76.94000244140625,76.16999816894531,301358,77.08999633789062,76.5999984741211,76.94000244140625
187.3249969482422,184.10000610351562,1151525,187.75,187.5,187.3249969482422
284.1700134277344,283.0249938964844,84797,286.2200012207031,285.6400146484375,284.1700134277344
211.522705078125,210.87210083007812,941252,212.14990234375,211.47000122070312,211.522705078125
84.6500015258789,84.56999969482422,1419163,85.80000305175781,85.66999816894531,84.6500015258789
73.5199966430664,72.5199966430664,400579,73.9937973022461,72.52999877929688,73.5199966430664
160.11000061035156,159.77999877929688,96384,162.42999267578125,162.3800048828125,160.11000061035156
331.5299987792969,324.2278137207031,455207,332.1000061035156,325.5,331.5299987792969
139.71249389648438,139.0,242071,141.14500427246094,140.14999389648438,139.71249389648438
183.4499969482422,182.91000366210938,78078,184.72000122070312,184.11000061035156,183.4499969482422
54.54999923706055,53.63999938964844,1102432,54.70000076293945,54.040000915527344,54.54999923706055
47.59000015258789,46.7400016784668,308591,47.59000015258789,46.810001373291016,47.59000015258789
131.0449981689453,130.80999755859375,170802,132.16000366210938,131.4499969482422,131.0449981689453
152.64999389648438,151.5449981689453,167506,152.8300018310547,152.30999755859375,152.64999389648438
34.439998626708984,33.52000045776367,3362822,34.53499984741211,33.810001373291016,34.439998626708984
175.58999633789062,173.0800018310547,127179,176.5,176.42999267578125,175.58999633789062
114.99109649658203,110.5199966430664,671704,115.23899841308594,113.37999725341797,114.99109649658203
35.63999938964844,35.29999923706055,591419,36.06999969482422,35.630001068115234,35.63999938964844
39.470001220703125,39.33000183105469,294464,39.630001068115234,39.380001068115234,39.470001220703125
66.93000030517578,64.0,650804,67.42500305175781,64.5999984741211,66.93000030517578
378.8699951171875,377.9849853515625,46271,383.32000732421875,382.79998779296875,378.8699951171875
171.25999450683594,168.66000366210938,2406368,171.59950256347656,169.0,171.25999450683594
117.08999633789062,116.35759735107422,888457,117.2699966430664,116.52999877929688,117.08999633789062
66.77999877929688,65.52999877929688,1783061,66.9800033569336,65.94999694824219,66.77999877929688
59.119998931884766,58.41999816894531,1717619,59.290000915527344,58.54999923706055,59.119998931884766
60.2599983215332,60.2599983215332,146224,60.88999938964844,60.38999938964844,60.2599983215332
636.2100219726562,633.1300048828125,85738,649.3400268554688,647.0499877929688,636.2100219726562
160.05999755859375,158.2899932861328,245680,160.4949951171875,158.22000122070312,160.05999755859375
37.10499954223633,36.790000915527344,531922,37.185001373291016,36.869998931884766,37.10499954223633
73.98999786376953,73.52899932861328,198581,74.94999694824219,74.27999877929688,73.98999786376953
38.52000045776367,37.779998779296875,314689,38.52000045776367,38.400001525878906,38.52000045776367
512.0750122070312,486.510009765625,335972,515.75,491.0299987792969,512.0750122070312
102.86000061035156,99.95999908447266,261227,102.94000244140625,100.06999969482422,102.86000061035156
20.350000381469727,19.725000381469727,8691926,20.459999084472656,19.81999969482422,20.350000381469727
106.04000091552734,105.13999938964844,855349,106.16000366210938,106.16000366210938,106.04000091552734
94.05000305175781,93.52010345458984,364212,94.20500183105469,93.91000366210938,94.05000305175781
89.66000366210938,88.73999786376953,333284,90.51000213623047,90.51000213623047,89.66000366210938
39.380001068115234,39.09659957885742,470335,39.404998779296875,39.16999816894531,39.380001068115234
165.52000427246094,163.1300048828125,235041,165.61000061035156,164.0,165.52000427246094
80.55999755859375,78.8499984741211,2259183,81.56999969482422,79.36000061035156,80.55999755859375
220.21499633789062,219.58999633789062,207377,221.5113067626953,220.91000366210938,220.21499633789062
74.30999755859375,72.75,139039,74.50160217285156,72.68000030517578,74.30999755859375
110.4800033569336,106.80999755859375,1029324,111.3499984741211,107.0,110.4800033569336
59.34000015258789,58.099998474121094,994913,59.400001525878906,58.4900016784668,59.34000015258789
82.13999938964844,81.51000213623047,737756,82.375,81.70999908447266,82.13999938964844
68.56999969482422,66.94999694824219,1623574,68.66500091552734,66.94999694824219,68.56999969482422
24.30500030517578,23.690000534057617,862196,24.31999969482422,23.790000915527344,24.30500030517578
356.0199890136719,354.3900146484375,466899,362.80999755859375,360.94000244140625,356.0199890136719
55.209999084472656,53.9900016784668,286846,55.47710037231445,54.15999984741211,55.209999084472656
258.3999938964844,256.7200012207031,539359,259.5625915527344,258.70001220703125,258.3999938964844
76.32499694824219,75.95999908447266,535662,76.61000061035156,76.31999969482422,76.32499694824219
417.55999755859375,417.55999755859375,11782,423.5899963378906,420.7900085449219,417.55999755859375
113.0199966430664,111.97000122070312,2091565,113.10759735107422,112.2699966430664,113.0199966430664
69.55000305175781,68.45999908447266,602519,69.8499984741211,68.81999969482422,69.55000305175781
44.13999938964844,43.02000045776367,242248,44.13999938964844,42.790000915527344,44.13999938964844
48.25,47.18880081176758,3258998,48.619998931884766,47.779998779296875,48.25
64.88500213623047,63.83000183105469,616302,64.93000030517578,64.11000061035156,64.88500213623047
146.01499938964844,142.1510009765625,171865,146.17999267578125,143.2899932861328,146.01499938964844
1778.7099609375,1765.030029296875,39937,1796.7099609375,1791.4000244140625,1778.7099609375
94.72000122070312,94.43000030517578,244097,95.5,94.4800033569336,94.72000122070312
146.64999389648438,145.9199981689453,215757,147.6199951171875,147.4199981689453,146.64999389648438
184.25,183.05499267578125,163323,189.3800048828125,189.3800048828125,184.25
55.08000183105469,54.869998931884766,189745,55.55500030517578,55.220001220703125,55.08000183105469
55.90010070800781,55.775001525878906,1834816,56.04999923706055,56.0,55.90010070800781
62.31999969482422,62.279998779296875,1915097,63.40999984741211,63.04499816894531,62.31999969482422
113.72000122070312,108.5,581835,114.2300033569336,109.0,113.72000122070312
23.329999923706055,23.09000015258789,334650,23.489999771118164,23.420000076293945,23.329999923706055
27.204999923706055,26.020000457763672,5419840,27.264999389648438,26.139999389648438,27.204999923706055
77.94000244140625,77.33000183105469,130345,78.16000366210938,77.38999938964844,77.94000244140625
249.0800018310547,248.16000366210938,108296,256.7900085449219,257.4700012207031,249.0800018310547
534.1500244140625,534.1500244140625,119569,539.0526733398438,539.052978515625,534.1500244140625
57.54249954223633,56.77000045776367,196883,57.619998931884766,56.959999084472656,57.54249954223633
23.81999969482422,23.31999969482422,1009178,23.84000015258789,23.389999389648438,23.81999969482422
25.405000686645508,25.209999084472656,356466,25.459999084472656,25.360000610351562,25.405000686645508
168.1199951171875,167.66000366210938,291167,174.0,171.9949951171875,168.1199951171875
299.80999755859375,298.80999755859375,602724,304.0899963378906,303.95001220703125,299.80999755859375
202.86500549316406,202.22000122070312,44725,204.55999755859375,203.6699981689453,202.86500549316406
133.9499969482422,133.125,54854,134.78500366210938,134.07000732421875,133.9499969482422
77.43000030517578,76.51000213623047,381491,77.65499877929688,76.66999816894531,77.43000030517578
57.04499816894531,56.8849983215332,188611,57.599998474121094,57.504600524902344,57.04499816894531
18.524999618530273,17.520000457763672,1431514,18.53499984741211,17.520000457763672,18.524999618530273
130.60000610351562,130.47000122070312,73386,132.3350067138672,130.50999450683594,130.60000610351562
220.85000610351562,219.5500030517578,73769,221.10000610351562,219.63999938964844,220.85000610351562
180.57000732421875,179.99000549316406,365777,182.0,181.7899932861328,180.57000732421875
405.3349914550781,404.1499938964844,13063,409.42999267578125,409.42999267578125,405.3349914550781
73.55999755859375,72.25,1763024,73.69000244140625,72.6500015258789,73.55999755859375
93.01499938964844,90.1500015258789,686824,93.0999984741211,91.56999969482422,93.01499938964844
126.5999984741211,124.58000183105469,130078,127.19999694824219,124.81999969482422,126.5999984741211
77.37000274658203,76.97000122070312,196712,77.80000305175781,77.58000183105469,77.37000274658203
17.774999618530273,17.260000228881836,985901,17.81999969482422,17.34000015258789,17.774999618530273
25.2450008392334,24.489999771118164,3051842,25.295000076293945,24.829999923706055,25.2450008392334
233.218994140625,232.89500427246094,408134,234.67999267578125,232.88999938964844,233.218994140625
85.33899688720703,85.16000366210938,217463,85.87000274658203,85.30000305175781,85.33899688720703
516.5599975585938,501.2464904785156,224262,531.5399780273438,537.0,516.5599975585938
40.72999954223633,40.369998931884766,236455,40.81999969482422,40.380001068115234,40.72999954223633
209.71499633789062,207.5,223853,216.49000549316406,206.5399932861328,209.71499633789062
199.2100067138672,197.2552947998047,39157,199.4600067138672,198.4199981689453,199.2100067138672
175.3000030517578,175.22000122070312,72788,177.0,175.50999450683594,175.3000030517578
92.66000366210938,91.36000061035156,407605,94.37999725341797,94.37999725341797,92.66000366210938
62.70000076293945,62.36000061035156,289762,62.86000061035156,62.599998474121094,62.70000076293945
133.77980041503906,133.27000427246094,433162,135.0800018310547,133.9499969482422,133.77980041503906
81.8949966430664,81.31300354003906,67702,81.95999908447266,81.41999816894531,81.8949966430664
62.369998931884766,62.27000045776367,229348,63.52000045776367,62.779998779296875,62.369998931884766
161.41000366210938,157.07000732421875,911737,162.5399932861328,160.75999450683594,161.41000366210938
380.7300109863281,370.67999267578125,119171,382.19000244140625,372.7699890136719,380.7300109863281
48.97999954223633,47.5099983215332,388145,49.0099983215332,47.540000915527344,48.97999954223633
94.97669982910156,92.19999694824219,4641054,95.41000366210938,92.51000213623047,94.97669982910156
76.56999969482422,76.2300033569336,357544,76.95500183105469,76.16000366210938,76.56999969482422
45.440799713134766,45.08000183105469,9413649,45.9900016784668,45.52000045776367,45.440799713134766
54.849998474121094,54.150001525878906,327505,54.900001525878906,54.380001068115234,54.849998474121094
40.654998779296875,40.03010177612305,2133600,40.951900482177734,40.290000915527344,40.654998779296875
92.66000366210938,91.7300033569336,108742,92.93000030517578,92.0,92.66000366210938
113.55000305175781,112.62999725341797,93955,114.00800323486328,112.62000274658203,113.55000305175781
219.49000549316406,217.52999877929688,154443,221.1699981689453,218.9199981689453,219.49000549316406
26.03660011291504,25.34000015258789,1469230,26.08799934387207,25.389999389648438,26.03660011291504
149.75799560546875,149.14999389648438,1139395,150.19000244140625,149.60000610351562,149.75799560546875
87.98999786376953,86.94999694824219,558485,88.1500015258789,87.0199966430664,87.98999786376953
262.9200134277344,262.2900085449219,58012,266.3800048828125,264.2900085449219,262.9200134277344
84.41999816894531,84.05999755859375,165368,84.97000122070312,84.55000305175781,84.41999816894531
88.70999908447266,86.94000244140625,116616,88.7750015258789,86.75,88.70999908447266
96.0199966430664,92.97440338134766,1339343,96.87000274658203,96.5,96.0199966430664
348.630615234375,344.30999755859375,71889,352.2900085449219,351.0,348.630615234375
62.70000076293945,61.151798248291016,731275,62.790000915527344,61.810001373291016,62.70000076293945
49.380001068115234,48.720001220703125,443962,49.54999923706055,48.88999938964844,49.380001068115234
122.38999938964844,121.63999938964844,123227,123.86000061035156,123.58999633789062,122.38999938964844
61.72999954223633,60.5,373402,61.7599983215332,60.58000183105469,61.72999954223633
418.9200134277344,416.5450134277344,650212,423.510009765625,423.114990234375,418.9200134277344
56.93000030517578,56.83000183105469,98908,57.529998779296875,57.15999984741211,56.93000030517578
95.1449966430664,94.80999755859375,139650,95.77999877929688,95.26000213623047,95.1449966430664
126.77780151367188,125.68000030517578,828420,127.0,126.2300033569336,126.77780151367188
168.86500549316406,168.3699951171875,1384031,169.80999755859375,169.6999969482422,168.86500549316406
145.02999877929688,144.5399932861328,175919,145.9499969482422,144.82000732421875,145.02999877929688
410.6499938964844,408.7650146484375,97339,419.6099853515625,418.6300048828125,410.6499938964844
82.20999908447266,81.5,120303,82.31999969482422,81.54000091552734,82.20999908447266
65.48999786376953,63.48099899291992,628924,65.66000366210938,63.900001525878906,65.48999786376953
226.88999938964844,226.58999633789062,110947,235.4600067138672,236.0,226.88999938964844
143.94000244140625,143.52999877929688,1381335,144.77000427246094,144.1300048828125,143.94000244140625
90.30999755859375,90.25,138739,91.94000244140625,90.88999938964844,90.30999755859375
22.920000076293945,21.969999313354492,1717308,22.959999084472656,22.100000381469727,22.920000076293945
64.28260040283203,63.900001525878906,148056,64.66999816894531,63.900001525878906,64.28260040283203
84.79000091552734,84.4374008178711,182051,85.80999755859375,85.19999694824219,84.79000091552734
235.3800048828125,234.19200134277344,82970,237.11000061035156,236.5399932861328,235.3800048828125
451.2900085449219,447.0400085449219,397286,454.6499938964844,450.4200134277344,451.2900085449219
50.00299835205078,49.709999084472656,4000926,50.099998474121094,49.93130111694336,50.00299835205078
28.420000076293945,28.075000762939453,880551,28.44499969482422,28.149999618530273,28.420000076293945
154.74000549316406,153.17999267578125,202896,159.3000030517578,158.47999572753906,154.74000549316406
63.83000183105469,63.27000045776367,1497504,64.32990264892578,64.23999786376953,63.83000183105469
208.72000122070312,207.44000244140625,262346,209.6699981689453,208.8000030517578,208.72000122070312
161.65499877929688,159.7100067138672,396259,162.63999938964844,160.39999389648438,161.65499877929688
84.36000061035156,84.28500366210938,114482,85.05000305175781,84.33999633789062,84.36000061035156
128.5800018310547,127.75,189833,130.3699951171875,130.0399932861328,128.5800018310547
222.14500427246094,220.4687957763672,114541,222.27000427246094,221.10000610351562,222.14500427246094
334.92999267578125,334.1600036621094,21695,337.6300048828125,336.239990234375,334.92999267578125
162.7100067138672,162.14999389648438,567063,162.97000122070312,162.14999389648438,162.7100067138672
81.44000244140625,81.0199966430664,777956,81.80000305175781,81.27999877929688,81.44000244140625
75.24500274658203,75.2249984741211,297368,75.91999816894531,75.33000183105469,75.24500274658203
229.02000427246094,228.52999877929688,28769,231.92999267578125,231.1699981689453,229.02000427246094
109.2699966430664,107.11000061035156,1064455,113.62999725341797,109.47000122070312,109.2699966430664
219.48680114746094,218.8699951171875,164982,222.25,221.17999267578125,219.48680114746094
12.140000343322754,11.970000267028809,2937874,12.149999618530273,12.039999961853027,12.140000343322754
332.875,331.67999267578125,305370,338.6499938964844,335.0,332.875
349.989990234375,349.8500061035156,47521,361.82000732421875,360.75,349.989990234375
82.06999969482422,81.61000061035156,54711,82.38999938964844,81.62000274658203,82.06999969482422
224.2675018310547,223.36599731445312,187788,227.75999450683594,226.99000549316406,224.2675018310547
67.77999877929688,66.43000030517578,608087,67.95999908447266,67.63999938964844,67.77999877929688
52.959999084472656,52.529998779296875,2519240,52.970001220703125,52.59000015258789,52.959999084472656
64.33000183105469,63.66059875488281,3574308,64.44300079345703,64.04000091552734,64.33000183105469
25.348600387573242,25.15999984741211,805216,25.53499984741211,25.420000076293945,25.348600387573242
330.8999938964844,330.77978515625,4405414,334.00909423828125,333.8999938964844,330.8999938964844
218.0050048828125,209.8000030517578,1007157,218.27000427246094,210.9134979248047,218.0050048828125
128.2899932861328,127.76000213623047,79966,128.85000610351562,127.70999908447266,128.2899932861328
32.869998931884766,32.64500045776367,343317,32.91999816894531,32.810001373291016,32.869998931884766
27.950000762939453,26.90999984741211,2086459,27.98979949951172,27.0,27.950000762939453
287.1499938964844,286.5849914550781,394406,287.79998779296875,287.2099914550781,287.1499938964844
763.27001953125,763.27001953125,7555,781.6358032226562,782.0700073242188,763.27001953125
72.46990203857422,70.4000015258789,1236802,72.91000366210938,72.40499877929688,72.46990203857422
366.29998779296875,365.260009765625,440830,367.6199951171875,366.6300048828125,366.29998779296875
211.66000366210938,209.1199951171875,137494,211.6999969482422,209.17999267578125,211.66000366210938
2432.0,2431.0,63706,2474.989990234375,2443.320068359375,2432.0
421.57000732421875,413.260009765625,234572,421.57000732421875,415.5,421.57000732421875
2910.590087890625,2904.260009765625,191886,2927.2900390625,2925.5,2910.590087890625
63.65999984741211,63.599998474121094,167447,64.18000030517578,63.81999969482422,63.65999984741211
83.02999877929688,81.93000030517578,189370,83.13500213623047,81.9800033569336,83.02999877929688
223.66000366210938,222.16000366210938,190190,223.77000427246094,222.3300018310547,223.66000366210938
484.4700012207031,482.7149963378906,58064,489.489990234375,487.6300048828125,484.4700012207031
31.579999923706055,31.1200008392334,455771,31.68000030517578,31.139999389648438,31.579999923706055
16.930099487304688,16.780000686645508,1770432,16.950000762939453,16.809999465942383,16.930099487304688
161.27000427246094,161.0500030517578,209917,164.4499969482422,164.00999450683594,161.27000427246094
93.31500244140625,92.96499633789062,160607,94.1500015258789,92.96499633789062,93.31500244140625
432.6618957519531,430.4549865722656,25512,437.25,435.32000732421875,432.6618957519531
71.92440032958984,71.45999908447266,36272,72.11000061035156,71.66000366210938,71.92440032958984
498.3523864746094,497.7699890136719,398842,502.44000244140625,501.3399963378906,498.3523864746094
48.119998931884766,46.77000045776367,542308,48.13999938964844,46.970001220703125,48.119998931884766
64.52999877929688,63.22999954223633,325445,64.56999969482422,63.54999923706055,64.52999877929688
103.19000244140625,103.05000305175781,1026455,104.7300033569336,104.38999938964844,103.19000244140625
625.010009765625,623.489990234375,19062,628.7349853515625,626.469970703125,625.010009765625
64.08999633789062,62.58000183105469,504408,64.19999694824219,63.0,64.08999633789062
62.400001525878906,62.275001525878906,649523,62.69449996948242,62.29999923706055,62.400001525878906
12.164999961853027,12.114999771118164,1530255,12.484999656677246,12.229999542236328,12.164999961853027
153.6199951171875,150.69000244140625,604971,153.73910522460938,151.0,153.6199951171875
153.32009887695312,149.52499389648438,134260,153.77999877929688,153.72999572753906,153.32009887695312
135.19500732421875,132.3000030517578,1506624,137.2899932861328,132.60000610351562,135.19500732421875
24.219999313354492,23.74180030822754,457405,24.280000686645508,23.74489974975586,24.219999313354492
100.77999877929688,99.25,1080662,101.31999969482422,99.62000274658203,100.77999877929688
304.83740234375,303.75,523871,314.6499938964844,314.6499938964844,304.83740234375
115.95860290527344,115.87999725341797,212813,117.86000061035156,117.0999984741211,115.95860290527344
116.91500091552734,114.01000213623047,337267,116.94999694824219,114.01000213623047,116.91500091552734
2902.25,2895.7900390625,249591,2920.050048828125,2918.010009765625,2902.25
155.4600067138672,154.57000732421875,225985,158.11500549316406,158.02999877929688,155.4600067138672
144.1699981689453,139.88499450683594,434110,144.91000366210938,140.49000549316406,144.1699981689453
219.8800048828125,219.8800048828125,114573,223.28500366210938,220.67999267578125,219.8800048828125
127.33000183105469,127.05000305175781,743596,128.5399932861328,127.37999725341797,127.33000183105469
29.290000915527344,29.1299991607666,857905,29.405000686645508,29.149999618530273,29.290000915527344
42.529998779296875,41.209999084472656,2363381,42.7400016784668,41.279998779296875,42.529998779296875
237.4550018310547,234.6822052001953,286506,237.64999389648438,235.4199981689453,237.4550018310547
69.83999633789062,67.87999725341797,156928,69.91000366210938,67.97000122070312,69.83999633789062
57.35499954223633,57.18000030517578,2414155,57.93000030517578,57.58000183105469,57.35499954223633
190.13999938964844,184.75010681152344,347143,190.41000366210938,187.10000610351562,190.13999938964844
86.56999969482422,86.0,219711,86.5999984741211,86.06999969482422,86.56999969482422
124.44999694824219,123.81500244140625,183627,125.13999938964844,123.91999816894531,124.44999694824219
146.7100067138672,145.67999267578125,243843,147.3699951171875,145.2100067138672,146.7100067138672
48.22999954223633,47.18000030517578,1093614,48.31999969482422,47.75,48.22999954223633
612.52001953125,609.405029296875,123259,620.989990234375,619.9099731445312,612.52001953125
139.63999938964844,136.4499969482422,837803,139.88999938964844,137.6999969482422,139.63999938964844
241.9600067138672,240.9600067138672,601070,245.39999389648438,243.0800018310547,241.9600067138672
48.28499984741211,47.119998931884766,558210,48.31999969482422,47.220001220703125,48.28499984741211
34.529998779296875,34.275001525878906,195358,35.209999084472656,35.099998474121094,34.529998779296875
105.77999877929688,104.45099639892578,226680,106.75499725341797,106.33999633789062,105.77999877929688
431.239990234375,429.5,79495,441.1400146484375,438.6499938964844,431.239990234375
17.985000610351562,17.100000381469727,3020035,18.200000762939453,17.860000610351562,17.985000610351562
102.3499984741211,102.25,249978,102.94999694824219,102.25,102.3499984741211
187.47000122070312,186.6999969482422,527426,188.75999450683594,188.67999267578125,187.47000122070312
123.00499725341797,121.11000061035156,3863496,124.70999908447266,122.12000274658203,123.00499725341797
65.90499877929688,64.55000305175781,20637104,67.19000244140625,66.25,65.90499877929688
104.12000274658203,103.75,252513,106.13999938964844,104.51000213623047,104.12000274658203
24.010000228881836,23.43000030517578,611193,24.010000228881836,23.3799991607666,24.010000228881836
16.100000381469727,15.670000076293945,1730433,16.125,15.699999809265137,16.100000381469727
128.02000427246094,124.58000183105469,107999,128.13999938964844,124.5,128.02000427246094
164.11000061035156,163.875,1014792,165.77000427246094,165.0399932861328,164.11000061035156
271.7799987792969,271.3200988769531,119032,273.9200134277344,272.75,271.7799987792969
76.79000091552734,74.41999816894531,817104,76.8499984741211,74.88999938964844,76.79000091552734
224.5500030517578,223.72500610351562,64246,225.33999633789062,225.33999633789062,224.5500030517578
42.709999084472656,42.43000030517578,948928,42.9900016784668,42.43000030517578,42.709999084472656
111.94999694824219,110.11000061035156,1414675,111.98999786376953,111.33000183105469,111.94999694824219
143.69430541992188,142.40750122070312,136946,144.47000122070312,144.1699981689453,143.69430541992188
227.07000732421875,225.3101043701172,3639250,229.22999572753906,228.3300018310547,227.07000732421875
326.2749938964844,325.44000244140625,341000,329.6600036621094,329.8900146484375,326.2749938964844
48.959999084472656,47.400001525878906,1304425,49.060001373291016,47.400001525878906,48.959999084472656
26.315000534057617,26.1299991607666,493499,26.420000076293945,26.049999237060547,26.315000534057617
42.560001373291016,42.31999969482422,1822822,43.310001373291016,43.11000061035156,42.560001373291016
54.189998626708984,53.099998474121094,2214050,54.375,53.68000030517578,54.189998626708984
343.4200134277344,341.57000732421875,60982,351.1400146484375,349.6300048828125,343.4200134277344
278.19000244140625,277.614990234375,208432,285.260009765625,283.7200012207031,278.19000244140625
745.7449951171875,738.0599975585938,30227,748.469970703125,739.6900024414062,745.7449951171875
46.9900016784668,45.369998931884766,355045,46.9900016784668,45.60499954223633,46.9900016784668
190.16000366210938,188.9600067138672,620532,193.24949645996094,189.88499450683594,190.16000366210938
52.880001068115234,52.279998779296875,2208846,52.95000076293945,52.47999954223633,52.880001068115234
78.05999755859375,77.72119903564453,582827,78.55000305175781,78.55000305175781,78.05999755859375
120.83000183105469,120.62000274658203,497178,121.77999877929688,121.36000061035156,120.83000183105469
183.7449951171875,179.60000610351562,362563,184.30999755859375,181.2100067138672,183.7449951171875
147.10000610351562,144.61000061035156,245727,147.19000244140625,144.91000366210938,147.10000610351562
156.34750366210938,153.03770446777344,96611,156.5449981689453,153.17999267578125,156.34750366210938
645.1900024414062,640.0,448937,648.1199951171875,645.52001953125,645.1900024414062
206.4499969482422,205.65499877929688,47437,206.82000732421875,205.94000244140625,206.4499969482422
18.149999618530273,17.690000534057617,411340,18.155000686645508,17.780000686645508,18.149999618530273
25.479999542236328,24.799999237060547,1178826,25.600000381469727,24.90999984741211,25.479999542236328
171.75,166.5050048828125,172821,176.41000366210938,175.41000366210938,171.75
49.52750015258789,48.7599983215332,237675,49.560001373291016,48.72999954223633,49.52750015258789
74.29000091552734,72.29000091552734,141878,74.34500122070312,72.29000091552734,74.29000091552734
251.0800018310547,250.57000732421875,74872,252.55999755859375,251.6199951171875,251.0800018310547
37.18000030517578,36.962501525878906,852963,37.279998779296875,37.189998626708984,37.18000030517578
79.33000183105469,77.0,860097,79.41000366210938,77.26000213623047,79.33000183105469
72.48500061035156,71.9800033569336,433011,72.57499694824219,72.0,72.48500061035156
55.599998474121094,54.790000915527344,599915,55.70000076293945,54.849998474121094,55.599998474121094
98.5510025024414,97.31999969482422,98578,98.69000244140625,97.61000061035156,98.5510025024414
134.94000244140625,133.72999572753906,38045,134.9499969482422,133.8000030517578,134.94000244140625
101.73999786376953,100.80500030517578,122011,101.93000030517578,100.83000183105469,101.73999786376953
127.75,126.79010009765625,18649834,129.5,127.75,127.75
64.22019958496094,64.02999877929688,146144,64.91999816894531,64.37999725341797,64.22019958496094
115.80999755859375,113.73999786376953,71800,115.80999755859375,113.37000274658203,115.80999755859375
149.83999633789062,145.75,1191994,156.07000732421875,148.5500030517578,149.83999633789062
199.97000122070312,199.3699951171875,214607,200.7899932861328,200.9499969482422,199.97000122070312
22.200000762939453,20.6200008392334,3085142,22.709999084472656,21.190000534057617,22.200000762939453
92.08999633789062,90.12999725341797,375045,92.37000274658203,91.08999633789062,92.08999633789062
690.989990234375,683.5,179048,694.510009765625,683.5,690.989990234375
326.7099914550781,323.3835144042969,886687,329.0,328.5,326.7099914550781
40.97999954223633,40.31999969482422,1139090,41.15999984741211,40.900001525878906,40.97999954223633
109.08000183105469,107.96499633789062,866906,110.16000366210938,109.16999816894531,109.08000183105469
445.32501220703125,443.260009765625,15383,448.4418029785156,446.07000732421875,445.32501220703125
182.92230224609375,179.60000610351562,168318,183.25999450683594,180.0399932861328,182.92230224609375
82.25,80.37000274658203,390568,82.2874984741211,81.0199966430664,82.25
244.74000549316406,242.29800415039062,210993,244.99000549316406,242.55999755859375,244.74000549316406
173.47740173339844,172.27999877929688,607707,173.8300018310547,172.6999969482422,173.47740173339844
1795.989990234375,1789.385009765625,17534,1798.802490234375,1791.27001953125,1795.989990234375
208.07000732421875,207.0800018310547,2711477,210.14999389648438,209.69000244140625,208.07000732421875
220.7404022216797,217.1199951171875,298459,221.44000244140625,217.72999572753906,220.7404022216797
80.83000183105469,80.19999694824219,183882,80.93000030517578,80.36000061035156,80.83000183105469
242.11000061035156,240.75,70410,242.9199981689453,241.00999450683594,242.11000061035156
230.99000549316406,226.60000610351562,67777,231.35000610351562,226.72000122070312,230.99000549316406
351.1700134277344,349.0,67076,367.75,369.2200012207031,351.1700134277344
53.755001068115234,53.650001525878906,1094692,54.297000885009766,53.880001068115234,53.755001068115234
622.1199951171875,620.4550170898438,51366,623.5900268554688,622.75,622.1199951171875
44.46989822387695,44.06999969482422,1349662,44.51900100708008,44.11000061035156,44.46989822387695
273.54998779296875,271.7300109863281,24372,274.3999938964844,272.05999755859375,273.54998779296875
76.0199966430664,74.55999755859375,1317997,76.12999725341797,74.69000244140625,76.0199966430664
353.3699951171875,349.5,116412,354.4949951171875,350.0199890136719,353.3699951171875
